Date,Day,Month,Quarter,Year
1/2/2013,2,1,1,2013
1/3/2013,3,1,1,2013
1/4/2013,4,1,1,2013
1/8/2013,8,1,1,2013
1/10/2013,10,1,1,2013
1/11/2013,11,1,1,2013
1/12/2013,12,1,1,2013
1/14/2013,14,1,1,2013
1/16/2013,16,1,1,2013
1/17/2013,17,1,1,2013
1/18/2013,18,1,1,2013
1/19/2013,19,1,1,2013
1/20/2013,20,1,1,2013
1/23/2013,23,1,1,2013
1/24/2013,24,1,1,2013
1/25/2013,25,1,1,2013
1/26/2013,26,1,1,2013
1/27/2013,27,1,1,2013
1/29/2013,29,1,1,2013
1/31/2013,31,1,1,2013
2/1/2013,1,2,1,2013
2/3/2013,3,2,1,2013
2/4/2013,4,2,1,2013
2/5/2013,5,2,1,2013
2/6/2013,6,2,1,2013
2/11/2013,11,2,1,2013
2/13/2013,13,2,1,2013
2/14/2013,14,2,1,2013
2/16/2013,16,2,1,2013
2/18/2013,18,2,1,2013
2/19/2013,19,2,1,2013
2/21/2013,21,2,1,2013
2/22/2013,22,2,1,2013
2/26/2013,26,2,1,2013
2/27/2013,27,2,1,2013
2/28/2013,28,2,1,2013
3/1/2013,1,3,1,2013
3/2/2013,2,3,1,2013
3/3/2013,3,3,1,2013
3/4/2013,4,3,1,2013
3/6/2013,6,3,1,2013
3/7/2013,7,3,1,2013
3/8/2013,8,3,1,2013
3/10/2013,10,3,1,2013
3/12/2013,12,3,1,2013
3/14/2013,14,3,1,2013
3/17/2013,17,3,1,2013
3/19/2013,19,3,1,2013
3/23/2013,23,3,1,2013
3/24/2013,24,3,1,2013
3/25/2013,25,3,1,2013
3/26/2013,26,3,1,2013
3/28/2013,28,3,1,2013
3/31/2013,31,3,1,2013
4/1/2013,1,4,2,2013
4/2/2013,2,4,2,2013
4/4/2013,4,4,2,2013
4/6/2013,6,4,2,2013
4/7/2013,7,4,2,2013
4/10/2013,10,4,2,2013
4/12/2013,12,4,2,2013
4/13/2013,13,4,2,2013
4/14/2013,14,4,2,2013
4/15/2013,15,4,2,2013
4/18/2013,18,4,2,2013
4/21/2013,21,4,2,2013
4/23/2013,23,4,2,2013
4/25/2013,25,4,2,2013
4/26/2013,26,4,2,2013
4/27/2013,27,4,2,2013
4/29/2013,29,4,2,2013
4/30/2013,30,4,2,2013
5/1/2013,1,5,2,2013
5/2/2013,2,5,2,2013
5/3/2013,3,5,2,2013
5/4/2013,4,5,2,2013
5/5/2013,5,5,2,2013
5/6/2013,6,5,2,2013
5/7/2013,7,5,2,2013
5/9/2013,9,5,2,2013
5/10/2013,10,5,2,2013
5/12/2013,12,5,2,2013
5/13/2013,13,5,2,2013
5/14/2013,14,5,2,2013
5/15/2013,15,5,2,2013
5/17/2013,17,5,2,2013
5/20/2013,20,5,2,2013
5/21/2013,21,5,2,2013
5/24/2013,24,5,2,2013
5/27/2013,27,5,2,2013
5/28/2013,28,5,2,2013
5/30/2013,30,5,2,2013
1/1/2014,1,1,1,2014
1/2/2014,2,1,1,2014
1/3/2014,3,1,1,2014
1/4/2014,4,1,1,2014
1/8/2014,8,1,1,2014
1/10/2014,10,1,1,2014
1/11/2014,11,1,1,2014
1/12/2014,12,1,1,2014
1/14/2014,14,1,1,2014
1/16/2014,16,1,1,2014
1/17/2014,17,1,1,2014
1/18/2014,18,1,1,2014
1/19/2014,19,1,1,2014
1/20/2014,20,1,1,2014
1/23/2014,23,1,1,2014
1/24/2014,24,1,1,2014
1/25/2014,25,1,1,2014
1/26/2014,26,1,1,2014
1/27/2014,27,1,1,2014
1/29/2014,29,1,1,2014
1/30/2014,30,1,1,2014
1/31/2014,31,1,1,2014
2/1/2014,1,2,1,2014
2/3/2014,3,2,1,2014
2/4/2014,4,2,1,2014
2/5/2014,5,2,1,2014
2/6/2014,6,2,1,2014
2/11/2014,11,2,1,2014
2/12/2014,12,2,1,2014
2/13/2014,13,2,1,2014
2/14/2014,14,2,1,2014
2/16/2014,16,2,1,2014
2/18/2014,18,2,1,2014
2/19/2014,19,2,1,2014
2/21/2014,21,2,1,2014
2/22/2014,22,2,1,2014
2/23/2014,23,2,1,2014
2/26/2014,26,2,1,2014
2/27/2014,27,2,1,2014
2/28/2014,28,2,1,2014
3/1/2014,1,3,1,2014
3/2/2014,2,3,1,2014
3/3/2014,3,3,1,2014
3/4/2014,4,3,1,2014
3/5/2014,5,3,1,2014
3/6/2014,6,3,1,2014
3/7/2014,7,3,1,2014
3/8/2014,8,3,1,2014
3/10/2014,10,3,1,2014
3/11/2014,11,3,1,2014
3/12/2014,12,3,1,2014
3/14/2014,14,3,1,2014
3/15/2014,15,3,1,2014
3/17/2014,17,3,1,2014
3/19/2014,19,3,1,2014
3/21/2014,21,3,1,2014
3/23/2014,23,3,1,2014
3/24/2014,24,3,1,2014
3/25/2014,25,3,1,2014
3/26/2014,26,3,1,2014
3/28/2014,28,3,1,2014
3/30/2014,30,3,1,2014
3/31/2014,31,3,1,2014
4/1/2014,1,4,2,2014
4/2/2014,2,4,2,2014
4/3/2014,3,4,2,2014
4/4/2014,4,4,2,2014
4/6/2014,6,4,2,2014
4/7/2014,7,4,2,2014
4/9/2014,9,4,2,2014
4/10/2014,10,4,2,2014
4/11/2014,11,4,2,2014
4/12/2014,12,4,2,2014
4/13/2014,13,4,2,2014
4/14/2014,14,4,2,2014
4/15/2014,15,4,2,2014
4/17/2014,17,4,2,2014
4/18/2014,18,4,2,2014
4/21/2014,21,4,2,2014
4/23/2014,23,4,2,2014
4/25/2014,25,4,2,2014
4/26/2014,26,4,2,2014
4/27/2014,27,4,2,2014
4/29/2014,29,4,2,2014
4/30/2014,30,4,2,2014
5/1/2014,1,5,2,2014
5/2/2014,2,5,2,2014
5/3/2014,3,5,2,2014
5/4/2014,4,5,2,2014
5/5/2014,5,5,2,2014
5/6/2014,6,5,2,2014
5/7/2014,7,5,2,2014
5/8/2014,8,5,2,2014
5/9/2014,9,5,2,2014
5/10/2014,10,5,2,2014
5/11/2014,11,5,2,2014
5/12/2014,12,5,2,2014
5/13/2014,13,5,2,2014
5/14/2014,14,5,2,2014
5/15/2014,15,5,2,2014
5/17/2014,17,5,2,2014
5/20/2014,20,5,2,2014
5/21/2014,21,5,2,2014
5/22/2014,22,5,2,2014
5/23/2014,23,5,2,2014
5/24/2014,24,5,2,2014
5/25/2014,25,5,2,2014
5/27/2014,27,5,2,2014
5/28/2014,28,5,2,2014
5/30/2014,30,5,2,2014
6/1/2014,1,6,2,2014
6/5/2014,5,6,2,2014
6/7/2014,7,6,2,2014
6/10/2014,10,6,2,2014
6/13/2014,13,6,2,2014
6/14/2014,14,6,2,2014
6/15/2014,15,6,2,2014
6/22/2014,22,6,2,2014
7/2/2014,2,7,3,2014
7/9/2014,9,7,3,2014
7/11/2014,11,7,3,2014
7/16/2014,16,7,3,2014
7/18/2014,18,7,3,2014
7/19/2014,19,7,3,2014
7/20/2014,20,7,3,2014
7/28/2014,28,7,3,2014
7/29/2014,29,7,3,2014
7/31/2014,31,7,3,2014
8/5/2014,5,8,3,2014
8/8/2014,8,8,3,2014
8/14/2014,14,8,3,2014
8/15/2014,15,8,3,2014
8/17/2014,17,8,3,2014
8/18/2014,18,8,3,2014
8/19/2014,19,8,3,2014
8/22/2014,22,8,3,2014
8/26/2014,26,8,3,2014
8/28/2014,28,8,3,2014
8/30/2014,30,8,3,2014
9/3/2014,3,9,3,2014
9/5/2014,5,9,3,2014
9/9/2014,9,9,3,2014
9/15/2014,15,9,3,2014
9/22/2014,22,9,3,2014
9/23/2014,23,9,3,2014
9/25/2014,25,9,3,2014
9/27/2014,27,9,3,2014
9/29/2014,29,9,3,2014
10/2/2014,2,10,4,2014
10/4/2014,4,10,4,2014
10/10/2014,10,10,4,2014
10/15/2014,15,10,4,2014
10/18/2014,18,10,4,2014
10/19/2014,19,10,4,2014
10/26/2014,26,10,4,2014
10/27/2014,27,10,4,2014
10/29/2014,29,10,4,2014
10/31/2014,31,10,4,2014
11/1/2014,1,11,4,2014
11/3/2014,3,11,4,2014
11/4/2014,4,11,4,2014
11/6/2014,6,11,4,2014
11/8/2014,8,11,4,2014
11/9/2014,9,11,4,2014
11/12/2014,12,11,4,2014
11/23/2014,23,11,4,2014
11/26/2014,26,11,4,2014
12/4/2014,4,12,4,2014
12/6/2014,6,12,4,2014
12/9/2014,9,12,4,2014
12/10/2014,10,12,4,2014
12/14/2014,14,12,4,2014
12/17/2014,17,12,4,2014
12/18/2014,18,12,4,2014
12/20/2014,20,12,4,2014
12/25/2014,25,12,4,2014
12/26/2014,26,12,4,2014
12/27/2014,27,12,4,2014
1/1/2015,1,1,1,2015
1/2/2015,2,1,1,2015
1/3/2015,3,1,1,2015
1/4/2015,4,1,1,2015
1/5/2015,5,1,1,2015
1/6/2015,6,1,1,2015
1/7/2015,7,1,1,2015
1/8/2015,8,1,1,2015
1/10/2015,10,1,1,2015
1/11/2015,11,1,1,2015
1/12/2015,12,1,1,2015
1/14/2015,14,1,1,2015
1/15/2015,15,1,1,2015
1/16/2015,16,1,1,2015
1/17/2015,17,1,1,2015
1/18/2015,18,1,1,2015
1/19/2015,19,1,1,2015
1/20/2015,20,1,1,2015
1/23/2015,23,1,1,2015
1/24/2015,24,1,1,2015
1/25/2015,25,1,1,2015
1/26/2015,26,1,1,2015
1/27/2015,27,1,1,2015
1/29/2015,29,1,1,2015
1/30/2015,30,1,1,2015
1/31/2015,31,1,1,2015
2/1/2015,1,2,1,2015
2/2/2015,2,2,1,2015
2/3/2015,3,2,1,2015
2/4/2015,4,2,1,2015
2/5/2015,5,2,1,2015
2/6/2015,6,2,1,2015
2/9/2015,9,2,1,2015
2/10/2015,10,2,1,2015
2/11/2015,11,2,1,2015
2/12/2015,12,2,1,2015
2/13/2015,13,2,1,2015
2/14/2015,14,2,1,2015
2/16/2015,16,2,1,2015
2/18/2015,18,2,1,2015
2/19/2015,19,2,1,2015
2/21/2015,21,2,1,2015
2/22/2015,22,2,1,2015
2/23/2015,23,2,1,2015
2/24/2015,24,2,1,2015
2/25/2015,25,2,1,2015
2/26/2015,26,2,1,2015
2/27/2015,27,2,1,2015
2/28/2015,28,2,1,2015
3/1/2015,1,3,1,2015
3/2/2015,2,3,1,2015
3/3/2015,3,3,1,2015
3/4/2015,4,3,1,2015
3/5/2015,5,3,1,2015
3/6/2015,6,3,1,2015
3/7/2015,7,3,1,2015
3/8/2015,8,3,1,2015
3/10/2015,10,3,1,2015
3/11/2015,11,3,1,2015
3/12/2015,12,3,1,2015
3/14/2015,14,3,1,2015
3/15/2015,15,3,1,2015
3/16/2015,16,3,1,2015
3/17/2015,17,3,1,2015
3/18/2015,18,3,1,2015
3/19/2015,19,3,1,2015
3/20/2015,20,3,1,2015
3/23/2015,23,3,1,2015
3/24/2015,24,3,1,2015
3/25/2015,25,3,1,2015
3/26/2015,26,3,1,2015
3/28/2015,28,3,1,2015
3/29/2015,29,3,1,2015
3/30/2015,30,3,1,2015
3/31/2015,31,3,1,2015
4/1/2015,1,4,2,2015
4/2/2015,2,4,2,2015
4/3/2015,3,4,2,2015
4/4/2015,4,4,2,2015
4/6/2015,6,4,2,2015
4/7/2015,7,4,2,2015
4/9/2015,9,4,2,2015
4/10/2015,10,4,2,2015
4/11/2015,11,4,2,2015
4/12/2015,12,4,2,2015
4/13/2015,13,4,2,2015
4/14/2015,14,4,2,2015
4/15/2015,15,4,2,2015
4/17/2015,17,4,2,2015
4/18/2015,18,4,2,2015
4/20/2015,20,4,2,2015
4/21/2015,21,4,2,2015
4/22/2015,22,4,2,2015
4/23/2015,23,4,2,2015
4/24/2015,24,4,2,2015
4/25/2015,25,4,2,2015
4/26/2015,26,4,2,2015
4/27/2015,27,4,2,2015
4/29/2015,29,4,2,2015
4/30/2015,30,4,2,2015
5/1/2015,1,5,2,2015
5/2/2015,2,5,2,2015
5/3/2015,3,5,2,2015
5/4/2015,4,5,2,2015
5/5/2015,5,5,2,2015
5/6/2015,6,5,2,2015
5/7/2015,7,5,2,2015
5/8/2015,8,5,2,2015
5/9/2015,9,5,2,2015
5/10/2015,10,5,2,2015
5/11/2015,11,5,2,2015
5/12/2015,12,5,2,2015
5/13/2015,13,5,2,2015
5/14/2015,14,5,2,2015
5/15/2015,15,5,2,2015
5/16/2015,16,5,2,2015
5/17/2015,17,5,2,2015
5/20/2015,20,5,2,2015
5/21/2015,21,5,2,2015
5/22/2015,22,5,2,2015
5/23/2015,23,5,2,2015
5/24/2015,24,5,2,2015
5/25/2015,25,5,2,2015
5/27/2015,27,5,2,2015
5/28/2015,28,5,2,2015
5/29/2015,29,5,2,2015
5/30/2015,30,5,2,2015
6/1/2015,1,6,2,2015
6/2/2015,2,6,2,2015
6/5/2015,5,6,2,2015
6/6/2015,6,6,2,2015
6/7/2015,7,6,2,2015
6/10/2015,10,6,2,2015
6/11/2015,11,6,2,2015
6/13/2015,13,6,2,2015
6/14/2015,14,6,2,2015
6/15/2015,15,6,2,2015
6/17/2015,17,6,2,2015
6/18/2015,18,6,2,2015
6/20/2015,20,6,2,2015
6/22/2015,22,6,2,2015
6/23/2015,23,6,2,2015
6/24/2015,24,6,2,2015
6/25/2015,25,6,2,2015
6/27/2015,27,6,2,2015
6/29/2015,29,6,2,2015
7/2/2015,2,7,3,2015
7/4/2015,4,7,3,2015
7/6/2015,6,7,3,2015
7/7/2015,7,7,3,2015
7/9/2015,9,7,3,2015
7/10/2015,10,7,3,2015
7/11/2015,11,7,3,2015
7/12/2015,12,7,3,2015
7/16/2015,16,7,3,2015
7/18/2015,18,7,3,2015
7/19/2015,19,7,3,2015
7/20/2015,20,7,3,2015
7/26/2015,26,7,3,2015
7/28/2015,28,7,3,2015
7/29/2015,29,7,3,2015
7/31/2015,31,7,3,2015
8/1/2015,1,8,3,2015
8/5/2015,5,8,3,2015
8/8/2015,8,8,3,2015
8/11/2015,11,8,3,2015
8/14/2015,14,8,3,2015
8/15/2015,15,8,3,2015
8/16/2015,16,8,3,2015
8/17/2015,17,8,3,2015
8/18/2015,18,8,3,2015
8/19/2015,19,8,3,2015
8/22/2015,22,8,3,2015
8/26/2015,26,8,3,2015
8/28/2015,28,8,3,2015
9/3/2015,3,9,3,2015
9/5/2015,5,9,3,2015
9/9/2015,9,9,3,2015
9/13/2015,13,9,3,2015
9/15/2015,15,9,3,2015
9/17/2015,17,9,3,2015
9/22/2015,22,9,3,2015
9/23/2015,23,9,3,2015
9/25/2015,25,9,3,2015
9/27/2015,27,9,3,2015
9/28/2015,28,9,3,2015
9/29/2015,29,9,3,2015
10/2/2015,2,10,4,2015
10/4/2015,4,10,4,2015
10/9/2015,9,10,4,2015
10/10/2015,10,10,4,2015
10/15/2015,15,10,4,2015
10/18/2015,18,10,4,2015
10/19/2015,19,10,4,2015
10/23/2015,23,10,4,2015
10/26/2015,26,10,4,2015
10/27/2015,27,10,4,2015
10/29/2015,29,10,4,2015
10/30/2015,30,10,4,2015
10/31/2015,31,10,4,2015
11/1/2015,1,11,4,2015
11/3/2015,3,11,4,2015
11/4/2015,4,11,4,2015
11/6/2015,6,11,4,2015
11/7/2015,7,11,4,2015
11/8/2015,8,11,4,2015
11/9/2015,9,11,4,2015
11/10/2015,10,11,4,2015
11/11/2015,11,11,4,2015
11/12/2015,12,11,4,2015
11/15/2015,15,11,4,2015
11/18/2015,18,11,4,2015
11/19/2015,19,11,4,2015
11/20/2015,20,11,4,2015
11/21/2015,21,11,4,2015
11/22/2015,22,11,4,2015
11/23/2015,23,11,4,2015
11/24/2015,24,11,4,2015
11/26/2015,26,11,4,2015
11/27/2015,27,11,4,2015
11/28/2015,28,11,4,2015
11/29/2015,29,11,4,2015
12/2/2015,2,12,4,2015
12/4/2015,4,12,4,2015
12/6/2015,6,12,4,2015
12/8/2015,8,12,4,2015
12/9/2015,9,12,4,2015
12/10/2015,10,12,4,2015
12/14/2015,14,12,4,2015
12/15/2015,15,12,4,2015
12/17/2015,17,12,4,2015
12/18/2015,18,12,4,2015
12/19/2015,19,12,4,2015
12/20/2015,20,12,4,2015
12/21/2015,21,12,4,2015
12/23/2015,23,12,4,2015
12/25/2015,25,12,4,2015
12/26/2015,26,12,4,2015
12/27/2015,27,12,4,2015
12/28/2015,28,12,4,2015
12/31/2015,31,12,4,2015
1/1/2016,1,1,1,2016
1/2/2016,2,1,1,2016
1/3/2016,3,1,1,2016
1/4/2016,4,1,1,2016
1/5/2016,5,1,1,2016
1/6/2016,6,1,1,2016
1/7/2016,7,1,1,2016
1/8/2016,8,1,1,2016
1/10/2016,10,1,1,2016
1/11/2016,11,1,1,2016
1/12/2016,12,1,1,2016
1/13/2016,13,1,1,2016
1/14/2016,14,1,1,2016
1/15/2016,15,1,1,2016
1/16/2016,16,1,1,2016
1/17/2016,17,1,1,2016
1/18/2016,18,1,1,2016
1/19/2016,19,1,1,2016
1/20/2016,20,1,1,2016
1/21/2016,21,1,1,2016
1/22/2016,22,1,1,2016
1/23/2016,23,1,1,2016
1/24/2016,24,1,1,2016
1/25/2016,25,1,1,2016
1/26/2016,26,1,1,2016
1/27/2016,27,1,1,2016
1/29/2016,29,1,1,2016
1/30/2016,30,1,1,2016
1/31/2016,31,1,1,2016
2/1/2016,1,2,1,2016
2/2/2016,2,2,1,2016
2/3/2016,3,2,1,2016
2/4/2016,4,2,1,2016
2/5/2016,5,2,1,2016
2/6/2016,6,2,1,2016
2/9/2016,9,2,1,2016
2/10/2016,10,2,1,2016
2/11/2016,11,2,1,2016
2/12/2016,12,2,1,2016
2/13/2016,13,2,1,2016
2/14/2016,14,2,1,2016
2/15/2016,15,2,1,2016
2/16/2016,16,2,1,2016
2/18/2016,18,2,1,2016
2/19/2016,19,2,1,2016
2/21/2016,21,2,1,2016
2/22/2016,22,2,1,2016
2/23/2016,23,2,1,2016
2/24/2016,24,2,1,2016
2/25/2016,25,2,1,2016
2/26/2016,26,2,1,2016
2/27/2016,27,2,1,2016
2/28/2016,28,2,1,2016
2/29/2016,29,2,1,2016
3/1/2016,1,3,1,2016
3/2/2016,2,3,1,2016
3/3/2016,3,3,1,2016
3/4/2016,4,3,1,2016
3/5/2016,5,3,1,2016
3/6/2016,6,3,1,2016
3/7/2016,7,3,1,2016
3/9/2016,9,3,1,2016
3/10/2016,10,3,1,2016
3/11/2016,11,3,1,2016
3/12/2016,12,3,1,2016
3/13/2016,13,3,1,2016
3/14/2016,14,3,1,2016
3/15/2016,15,3,1,2016
3/16/2016,16,3,1,2016
3/17/2016,17,3,1,2016
3/18/2016,18,3,1,2016
3/19/2016,19,3,1,2016
3/22/2016,22,3,1,2016
3/23/2016,23,3,1,2016
3/24/2016,24,3,1,2016
3/25/2016,25,3,1,2016
3/27/2016,27,3,1,2016
3/28/2016,28,3,1,2016
3/29/2016,29,3,1,2016
3/30/2016,30,3,1,2016
3/31/2016,31,3,1,2016
4/1/2016,1,4,2,2016
4/2/2016,2,4,2,2016
4/3/2016,3,4,2,2016
4/5/2016,5,4,2,2016
4/6/2016,6,4,2,2016
4/8/2016,8,4,2,2016
4/9/2016,9,4,2,2016
4/10/2016,10,4,2,2016
4/11/2016,11,4,2,2016
4/12/2016,12,4,2,2016
4/13/2016,13,4,2,2016
4/14/2016,14,4,2,2016
4/16/2016,16,4,2,2016
4/17/2016,17,4,2,2016
4/18/2016,18,4,2,2016
4/19/2016,19,4,2,2016
4/20/2016,20,4,2,2016
4/21/2016,21,4,2,2016
4/22/2016,22,4,2,2016
4/23/2016,23,4,2,2016
4/24/2016,24,4,2,2016
4/25/2016,25,4,2,2016
4/26/2016,26,4,2,2016
4/28/2016,28,4,2,2016
4/29/2016,29,4,2,2016
4/30/2016,30,4,2,2016
5/1/2016,1,5,2,2016
5/2/2016,2,5,2,2016
5/3/2016,3,5,2,2016
5/4/2016,4,5,2,2016
5/5/2016,5,5,2,2016
5/6/2016,6,5,2,2016
5/7/2016,7,5,2,2016
5/8/2016,8,5,2,2016
5/9/2016,9,5,2,2016
5/10/2016,10,5,2,2016
5/11/2016,11,5,2,2016
5/12/2016,12,5,2,2016
5/13/2016,13,5,2,2016
5/14/2016,14,5,2,2016
5/15/2016,15,5,2,2016
5/16/2016,16,5,2,2016
5/17/2016,17,5,2,2016
5/18/2016,18,5,2,2016
5/19/2016,19,5,2,2016
5/20/2016,20,5,2,2016
5/21/2016,21,5,2,2016
5/22/2016,22,5,2,2016
5/23/2016,23,5,2,2016
5/24/2016,24,5,2,2016
5/26/2016,26,5,2,2016
5/27/2016,27,5,2,2016
5/28/2016,28,5,2,2016
5/29/2016,29,5,2,2016
5/31/2016,31,5,2,2016
6/1/2016,1,6,2,2016
6/3/2016,3,6,2,2016
6/4/2016,4,6,2,2016
6/5/2016,5,6,2,2016
6/6/2016,6,6,2,2016
6/9/2016,9,6,2,2016
6/10/2016,10,6,2,2016
6/12/2016,12,6,2,2016
6/13/2016,13,6,2,2016
6/14/2016,14,6,2,2016
6/16/2016,16,6,2,2016
6/17/2016,17,6,2,2016
6/19/2016,19,6,2,2016
6/21/2016,21,6,2,2016
6/22/2016,22,6,2,2016
6/23/2016,23,6,2,2016
6/24/2016,24,6,2,2016
6/26/2016,26,6,2,2016
6/28/2016,28,6,2,2016
6/29/2016,29,6,2,2016
7/1/2016,1,7,3,2016
7/3/2016,3,7,3,2016
7/5/2016,5,7,3,2016
7/6/2016,6,7,3,2016
7/8/2016,8,7,3,2016
7/9/2016,9,7,3,2016
7/10/2016,10,7,3,2016
7/11/2016,11,7,3,2016
7/13/2016,13,7,3,2016
7/15/2016,15,7,3,2016
7/17/2016,17,7,3,2016
7/18/2016,18,7,3,2016
7/19/2016,19,7,3,2016
7/20/2016,20,7,3,2016
7/22/2016,22,7,3,2016
7/25/2016,25,7,3,2016
7/27/2016,27,7,3,2016
7/28/2016,28,7,3,2016
7/30/2016,30,7,3,2016
7/31/2016,31,7,3,2016
8/1/2016,1,8,3,2016
8/4/2016,4,8,3,2016
8/6/2016,6,8,3,2016
8/7/2016,7,8,3,2016
8/9/2016,9,8,3,2016
8/10/2016,10,8,3,2016
8/12/2016,12,8,3,2016
8/13/2016,13,8,3,2016
8/14/2016,14,8,3,2016
8/15/2016,15,8,3,2016
8/16/2016,16,8,3,2016
8/17/2016,17,8,3,2016
8/18/2016,18,8,3,2016
8/21/2016,21,8,3,2016
8/23/2016,23,8,3,2016
8/25/2016,25,8,3,2016
8/27/2016,27,8,3,2016
9/1/2016,1,9,3,2016
9/2/2016,2,9,3,2016
9/3/2016,3,9,3,2016
9/4/2016,4,9,3,2016
9/6/2016,6,9,3,2016
9/8/2016,8,9,3,2016
9/9/2016,9,9,3,2016
9/11/2016,11,9,3,2016
9/12/2016,12,9,3,2016
9/14/2016,14,9,3,2016
9/16/2016,16,9,3,2016
9/20/2016,20,9,3,2016
9/21/2016,21,9,3,2016
9/22/2016,22,9,3,2016
9/24/2016,24,9,3,2016
9/26/2016,26,9,3,2016
9/27/2016,27,9,3,2016
9/28/2016,28,9,3,2016
9/29/2016,29,9,3,2016
10/1/2016,1,10,4,2016
10/3/2016,3,10,4,2016
10/4/2016,4,10,4,2016
10/8/2016,8,10,4,2016
10/9/2016,9,10,4,2016
10/14/2016,14,10,4,2016
10/17/2016,17,10,4,2016
10/18/2016,18,10,4,2016
10/19/2016,19,10,4,2016
10/20/2016,20,10,4,2016
10/22/2016,22,10,4,2016
10/25/2016,25,10,4,2016
10/26/2016,26,10,4,2016
10/28/2016,28,10,4,2016
10/29/2016,29,10,4,2016
10/30/2016,30,10,4,2016
10/31/2016,31,10,4,2016
11/1/2016,1,11,4,2016
11/2/2016,2,11,4,2016
11/3/2016,3,11,4,2016
11/4/2016,4,11,4,2016
11/5/2016,5,11,4,2016
11/6/2016,6,11,4,2016
11/7/2016,7,11,4,2016
11/8/2016,8,11,4,2016
11/9/2016,9,11,4,2016
11/10/2016,10,11,4,2016
11/11/2016,11,11,4,2016
11/14/2016,14,11,4,2016
11/17/2016,17,11,4,2016
11/18/2016,18,11,4,2016
11/19/2016,19,11,4,2016
11/20/2016,20,11,4,2016
11/21/2016,21,11,4,2016
11/22/2016,22,11,4,2016
11/23/2016,23,11,4,2016
11/25/2016,25,11,4,2016
11/26/2016,26,11,4,2016
11/27/2016,27,11,4,2016
11/28/2016,28,11,4,2016
11/29/2016,29,11,4,2016
12/1/2016,1,12,4,2016
12/2/2016,2,12,4,2016
12/3/2016,3,12,4,2016
12/5/2016,5,12,4,2016
12/7/2016,7,12,4,2016
12/8/2016,8,12,4,2016
12/9/2016,9,12,4,2016
12/11/2016,11,12,4,2016
12/13/2016,13,12,4,2016
12/16/2016,16,12,4,2016
12/17/2016,17,12,4,2016
12/18/2016,18,12,4,2016
12/19/2016,19,12,4,2016
12/20/2016,20,12,4,2016
12/22/2016,22,12,4,2016
12/24/2016,24,12,4,2016
12/25/2016,25,12,4,2016
12/26/2016,26,12,4,2016
12/27/2016,27,12,4,2016
12/28/2016,28,12,4,2016
12/29/2016,29,12,4,2016
12/30/2016,30,12,4,2016
12/31/2016,31,12,4,2016
1/1/2017,1,1,1,2017
1/2/2017,2,1,1,2017
1/3/2017,3,1,1,2017
1/4/2017,4,1,1,2017
1/5/2017,5,1,1,2017
1/6/2017,6,1,1,2017
1/7/2017,7,1,1,2017
1/9/2017,9,1,1,2017
1/10/2017,10,1,1,2017
1/11/2017,11,1,1,2017
1/12/2017,12,1,1,2017
1/13/2017,13,1,1,2017
1/14/2017,14,1,1,2017
1/15/2017,15,1,1,2017
1/16/2017,16,1,1,2017
1/17/2017,17,1,1,2017
1/18/2017,18,1,1,2017
1/19/2017,19,1,1,2017
1/20/2017,20,1,1,2017
1/21/2017,21,1,1,2017
1/22/2017,22,1,1,2017
1/23/2017,23,1,1,2017
1/24/2017,24,1,1,2017
1/25/2017,25,1,1,2017
1/26/2017,26,1,1,2017
1/28/2017,28,1,1,2017
1/29/2017,29,1,1,2017
1/30/2017,30,1,1,2017
1/31/2017,31,1,1,2017
2/1/2017,1,2,1,2017
2/2/2017,2,2,1,2017
2/3/2017,3,2,1,2017
2/4/2017,4,2,1,2017
2/5/2017,5,2,1,2017
2/8/2017,8,2,1,2017
2/9/2017,9,2,1,2017
2/10/2017,10,2,1,2017
2/11/2017,11,2,1,2017
2/12/2017,12,2,1,2017
2/13/2017,13,2,1,2017
2/14/2017,14,2,1,2017
2/15/2017,15,2,1,2017
2/17/2017,17,2,1,2017
2/18/2017,18,2,1,2017
2/20/2017,20,2,1,2017
2/21/2017,21,2,1,2017
2/22/2017,22,2,1,2017
2/23/2017,23,2,1,2017
2/24/2017,24,2,1,2017
2/25/2017,25,2,1,2017
2/26/2017,26,2,1,2017
2/27/2017,27,2,1,2017
2/28/2017,28,2,1,2017
3/1/2017,1,3,1,2017
3/2/2017,2,3,1,2017
3/3/2017,3,3,1,2017
3/4/2017,4,3,1,2017
3/5/2017,5,3,1,2017
3/6/2017,6,3,1,2017
3/7/2017,7,3,1,2017
3/9/2017,9,3,1,2017
3/10/2017,10,3,1,2017
3/11/2017,11,3,1,2017
3/12/2017,12,3,1,2017
3/13/2017,13,3,1,2017
3/14/2017,14,3,1,2017
3/15/2017,15,3,1,2017
3/16/2017,16,3,1,2017
3/17/2017,17,3,1,2017
3/18/2017,18,3,1,2017
3/19/2017,19,3,1,2017
3/22/2017,22,3,1,2017
3/23/2017,23,3,1,2017
3/24/2017,24,3,1,2017
3/25/2017,25,3,1,2017
3/27/2017,27,3,1,2017
3/28/2017,28,3,1,2017
3/29/2017,29,3,1,2017
3/30/2017,30,3,1,2017
3/31/2017,31,3,1,2017
4/2/2017,2,4,2,2017
4/3/2017,3,4,2,2017
4/5/2017,5,4,2,2017
4/6/2017,6,4,2,2017
4/8/2017,8,4,2,2017
4/9/2017,9,4,2,2017
4/10/2017,10,4,2,2017
4/11/2017,11,4,2,2017
4/12/2017,12,4,2,2017
4/13/2017,13,4,2,2017
4/14/2017,14,4,2,2017
4/16/2017,16,4,2,2017
4/17/2017,17,4,2,2017
4/18/2017,18,4,2,2017
4/19/2017,19,4,2,2017
4/20/2017,20,4,2,2017
4/21/2017,21,4,2,2017
4/22/2017,22,4,2,2017
4/23/2017,23,4,2,2017
4/24/2017,24,4,2,2017
4/25/2017,25,4,2,2017
4/26/2017,26,4,2,2017
4/28/2017,28,4,2,2017
4/29/2017,29,4,2,2017
4/30/2017,30,4,2,2017
5/1/2017,1,5,2,2017
5/2/2017,2,5,2,2017
5/3/2017,3,5,2,2017
5/4/2017,4,5,2,2017
5/5/2017,5,5,2,2017
5/6/2017,6,5,2,2017
5/7/2017,7,5,2,2017
5/8/2017,8,5,2,2017
5/9/2017,9,5,2,2017
5/10/2017,10,5,2,2017
5/11/2017,11,5,2,2017
5/12/2017,12,5,2,2017
5/13/2017,13,5,2,2017
5/14/2017,14,5,2,2017
5/15/2017,15,5,2,2017
5/16/2017,16,5,2,2017
5/17/2017,17,5,2,2017
5/18/2017,18,5,2,2017
5/19/2017,19,5,2,2017
5/20/2017,20,5,2,2017
5/21/2017,21,5,2,2017
5/22/2017,22,5,2,2017
5/23/2017,23,5,2,2017
5/24/2017,24,5,2,2017
5/25/2017,25,5,2,2017
5/26/2017,26,5,2,2017
5/27/2017,27,5,2,2017
5/28/2017,28,5,2,2017
5/29/2017,29,5,2,2017
5/31/2017,31,5,2,2017
6/1/2017,1,6,2,2017
6/3/2017,3,6,2,2017
6/4/2017,4,6,2,2017
6/5/2017,5,6,2,2017
6/6/2017,6,6,2,2017
6/8/2017,8,6,2,2017
6/9/2017,9,6,2,2017
6/10/2017,10,6,2,2017
6/12/2017,12,6,2,2017
6/13/2017,13,6,2,2017
6/14/2017,14,6,2,2017
6/15/2017,15,6,2,2017
6/16/2017,16,6,2,2017
6/17/2017,17,6,2,2017
6/19/2017,19,6,2,2017
6/21/2017,21,6,2,2017
6/22/2017,22,6,2,2017
6/23/2017,23,6,2,2017
6/24/2017,24,6,2,2017
6/26/2017,26,6,2,2017
6/28/2017,28,6,2,2017
6/29/2017,29,6,2,2017
6/30/2017,30,6,2,2017
7/1/2017,1,7,3,2017
7/3/2017,3,7,3,2017
7/5/2017,5,7,3,2017
7/6/2017,6,7,3,2017
7/8/2017,8,7,3,2017
7/9/2017,9,7,3,2017
7/10/2017,10,7,3,2017
7/11/2017,11,7,3,2017
7/12/2017,12,7,3,2017
7/13/2017,13,7,3,2017
7/14/2017,14,7,3,2017
7/15/2017,15,7,3,2017
7/17/2017,17,7,3,2017
7/18/2017,18,7,3,2017
7/19/2017,19,7,3,2017
7/20/2017,20,7,3,2017
7/21/2017,21,7,3,2017
7/22/2017,22,7,3,2017
7/23/2017,23,7,3,2017
7/24/2017,24,7,3,2017
7/25/2017,25,7,3,2017
7/27/2017,27,7,3,2017
7/28/2017,28,7,3,2017
7/30/2017,30,7,3,2017
7/31/2017,31,7,3,2017
8/1/2017,1,8,3,2017
8/2/2017,2,8,3,2017
8/4/2017,4,8,3,2017
8/6/2017,6,8,3,2017
8/9/2017,9,8,3,2017
8/10/2017,10,8,3,2017
8/12/2017,12,8,3,2017
8/13/2017,13,8,3,2017
8/14/2017,14,8,3,2017
8/15/2017,15,8,3,2017
8/16/2017,16,8,3,2017
8/17/2017,17,8,3,2017
8/18/2017,18,8,3,2017
8/21/2017,21,8,3,2017
8/23/2017,23,8,3,2017
8/24/2017,24,8,3,2017
8/25/2017,25,8,3,2017
8/27/2017,27,8,3,2017
8/30/2017,30,8,3,2017
9/1/2017,1,9,3,2017
9/2/2017,2,9,3,2017
9/3/2017,3,9,3,2017
9/4/2017,4,9,3,2017
9/6/2017,6,9,3,2017
9/8/2017,8,9,3,2017
9/9/2017,9,9,3,2017
9/11/2017,11,9,3,2017
9/12/2017,12,9,3,2017
9/14/2017,14,9,3,2017
9/15/2017,15,9,3,2017
9/16/2017,16,9,3,2017
9/20/2017,20,9,3,2017
9/21/2017,21,9,3,2017
9/22/2017,22,9,3,2017
9/23/2017,23,9,3,2017
9/24/2017,24,9,3,2017
9/25/2017,25,9,3,2017
9/26/2017,26,9,3,2017
9/27/2017,27,9,3,2017
9/28/2017,28,9,3,2017
9/29/2017,29,9,3,2017
9/30/2017,30,9,3,2017
10/1/2017,1,10,4,2017
10/3/2017,3,10,4,2017
10/4/2017,4,10,4,2017
10/8/2017,8,10,4,2017
10/9/2017,9,10,4,2017
10/10/2017,10,10,4,2017
10/14/2017,14,10,4,2017
10/15/2017,15,10,4,2017
10/16/2017,16,10,4,2017
10/17/2017,17,10,4,2017
10/18/2017,18,10,4,2017
10/19/2017,19,10,4,2017
10/20/2017,20,10,4,2017
10/22/2017,22,10,4,2017
10/25/2017,25,10,4,2017
10/26/2017,26,10,4,2017
10/27/2017,27,10,4,2017
10/28/2017,28,10,4,2017
10/29/2017,29,10,4,2017
10/30/2017,30,10,4,2017
10/31/2017,31,10,4,2017
11/1/2017,1,11,4,2017
11/2/2017,2,11,4,2017
11/3/2017,3,11,4,2017
11/4/2017,4,11,4,2017
11/5/2017,5,11,4,2017
11/6/2017,6,11,4,2017
11/7/2017,7,11,4,2017
11/8/2017,8,11,4,2017
11/9/2017,9,11,4,2017
11/10/2017,10,11,4,2017
11/11/2017,11,11,4,2017
11/12/2017,12,11,4,2017
11/13/2017,13,11,4,2017
11/14/2017,14,11,4,2017
11/15/2017,15,11,4,2017
11/17/2017,17,11,4,2017
11/18/2017,18,11,4,2017
11/19/2017,19,11,4,2017
11/20/2017,20,11,4,2017
11/21/2017,21,11,4,2017
11/22/2017,22,11,4,2017
11/23/2017,23,11,4,2017
11/24/2017,24,11,4,2017
11/25/2017,25,11,4,2017
11/26/2017,26,11,4,2017
11/27/2017,27,11,4,2017
11/28/2017,28,11,4,2017
11/29/2017,29,11,4,2017
12/1/2017,1,12,4,2017
12/2/2017,2,12,4,2017
12/3/2017,3,12,4,2017
12/5/2017,5,12,4,2017
12/6/2017,6,12,4,2017
12/7/2017,7,12,4,2017
12/8/2017,8,12,4,2017
12/9/2017,9,12,4,2017
12/11/2017,11,12,4,2017
12/13/2017,13,12,4,2017
12/16/2017,16,12,4,2017
12/17/2017,17,12,4,2017
12/18/2017,18,12,4,2017
12/19/2017,19,12,4,2017
12/20/2017,20,12,4,2017
12/22/2017,22,12,4,2017
12/24/2017,24,12,4,2017
12/25/2017,25,12,4,2017
12/26/2017,26,12,4,2017
12/27/2017,27,12,4,2017
12/28/2017,28,12,4,2017
12/29/2017,29,12,4,2017
12/30/2017,30,12,4,2017
12/31/2017,31,12,4,2017
1/1/2018,1,1,1,2018
1/2/2018,2,1,1,2018
1/3/2018,3,1,1,2018
1/4/2018,4,1,1,2018
1/5/2018,5,1,1,2018
1/6/2018,6,1,1,2018
1/7/2018,7,1,1,2018
1/8/2018,8,1,1,2018
1/9/2018,9,1,1,2018
1/10/2018,10,1,1,2018
1/11/2018,11,1,1,2018
1/12/2018,12,1,1,2018
1/13/2018,13,1,1,2018
1/14/2018,14,1,1,2018
1/15/2018,15,1,1,2018
1/16/2018,16,1,1,2018
1/17/2018,17,1,1,2018
1/18/2018,18,1,1,2018
1/19/2018,19,1,1,2018
1/20/2018,20,1,1,2018
1/21/2018,21,1,1,2018
1/22/2018,22,1,1,2018
1/23/2018,23,1,1,2018
1/24/2018,24,1,1,2018
1/25/2018,25,1,1,2018
1/26/2018,26,1,1,2018
1/28/2018,28,1,1,2018
1/29/2018,29,1,1,2018
1/30/2018,30,1,1,2018
1/31/2018,31,1,1,2018
2/1/2018,1,2,1,2018
2/2/2018,2,2,1,2018
2/3/2018,3,2,1,2018
2/4/2018,4,2,1,2018
2/5/2018,5,2,1,2018
2/6/2018,6,2,1,2018
2/8/2018,8,2,1,2018
2/9/2018,9,2,1,2018
2/10/2018,10,2,1,2018
2/11/2018,11,2,1,2018
2/12/2018,12,2,1,2018
2/13/2018,13,2,1,2018
2/14/2018,14,2,1,2018
2/15/2018,15,2,1,2018
2/17/2018,17,2,1,2018
2/18/2018,18,2,1,2018
2/20/2018,20,2,1,2018
2/21/2018,21,2,1,2018
2/22/2018,22,2,1,2018
2/23/2018,23,2,1,2018
2/24/2018,24,2,1,2018
2/25/2018,25,2,1,2018
2/26/2018,26,2,1,2018
2/27/2018,27,2,1,2018
2/28/2018,28,2,1,2018
3/1/2018,1,3,1,2018
3/2/2018,2,3,1,2018
3/3/2018,3,3,1,2018
3/4/2018,4,3,1,2018
3/5/2018,5,3,1,2018
3/6/2018,6,3,1,2018
3/7/2018,7,3,1,2018
3/8/2018,8,3,1,2018
3/9/2018,9,3,1,2018
3/10/2018,10,3,1,2018
3/11/2018,11,3,1,2018
3/12/2018,12,3,1,2018
3/13/2018,13,3,1,2018
3/14/2018,14,3,1,2018
3/15/2018,15,3,1,2018
3/16/2018,16,3,1,2018
3/17/2018,17,3,1,2018
3/18/2018,18,3,1,2018
3/19/2018,19,3,1,2018
3/21/2018,21,3,1,2018
3/22/2018,22,3,1,2018
3/23/2018,23,3,1,2018
3/24/2018,24,3,1,2018
3/25/2018,25,3,1,2018
3/26/2018,26,3,1,2018
3/27/2018,27,3,1,2018
3/28/2018,28,3,1,2018
3/29/2018,29,3,1,2018
3/30/2018,30,3,1,2018
3/31/2018,31,3,1,2018
4/2/2018,2,4,2,2018
4/3/2018,3,4,2,2018
4/4/2018,4,4,2,2018
4/5/2018,5,4,2,2018
4/6/2018,6,4,2,2018
4/8/2018,8,4,2,2018
4/9/2018,9,4,2,2018
4/10/2018,10,4,2,2018
4/11/2018,11,4,2,2018
4/12/2018,12,4,2,2018
4/13/2018,13,4,2,2018
4/14/2018,14,4,2,2018
4/15/2018,15,4,2,2018
4/16/2018,16,4,2,2018
4/17/2018,17,4,2,2018
4/18/2018,18,4,2,2018
4/19/2018,19,4,2,2018
4/20/2018,20,4,2,2018
4/21/2018,21,4,2,2018
4/22/2018,22,4,2,2018
4/23/2018,23,4,2,2018
4/24/2018,24,4,2,2018
4/25/2018,25,4,2,2018
4/28/2018,28,4,2,2018
4/29/2018,29,4,2,2018
4/30/2018,30,4,2,2018
5/1/2018,1,5,2,2018
5/2/2018,2,5,2,2018
5/3/2018,3,5,2,2018
5/4/2018,4,5,2,2018
5/5/2018,5,5,2,2018
5/6/2018,6,5,2,2018
5/7/2018,7,5,2,2018
5/8/2018,8,5,2,2018
5/9/2018,9,5,2,2018
5/10/2018,10,5,2,2018
5/11/2018,11,5,2,2018
5/12/2018,12,5,2,2018
5/13/2018,13,5,2,2018
5/14/2018,14,5,2,2018
5/15/2018,15,5,2,2018
5/16/2018,16,5,2,2018
5/17/2018,17,5,2,2018
5/18/2018,18,5,2,2018
5/19/2018,19,5,2,2018
5/20/2018,20,5,2,2018
5/21/2018,21,5,2,2018
5/22/2018,22,5,2,2018
5/23/2018,23,5,2,2018
5/24/2018,24,5,2,2018
5/25/2018,25,5,2,2018
5/26/2018,26,5,2,2018
5/27/2018,27,5,2,2018
5/28/2018,28,5,2,2018
5/29/2018,29,5,2,2018
5/30/2018,30,5,2,2018
5/31/2018,31,5,2,2018
6/1/2018,1,6,2,2018
6/2/2018,2,6,2,2018
6/3/2018,3,6,2,2018
6/4/2018,4,6,2,2018
6/5/2018,5,6,2,2018
6/6/2018,6,6,2,2018
6/7/2018,7,6,2,2018
6/8/2018,8,6,2,2018
6/9/2018,9,6,2,2018
6/10/2018,10,6,2,2018
6/13/2018,13,6,2,2018
6/14/2018,14,6,2,2018
6/15/2018,15,6,2,2018
6/16/2018,16,6,2,2018
6/17/2018,17,6,2,2018
6/19/2018,19,6,2,2018
6/21/2018,21,6,2,2018
6/22/2018,22,6,2,2018
6/23/2018,23,6,2,2018
6/24/2018,24,6,2,2018
6/25/2018,25,6,2,2018
6/26/2018,26,6,2,2018
6/28/2018,28,6,2,2018
6/29/2018,29,6,2,2018
6/30/2018,30,6,2,2018
7/1/2018,1,7,3,2018
7/3/2018,3,7,3,2018
7/5/2018,5,7,3,2018
7/6/2018,6,7,3,2018
7/8/2018,8,7,3,2018
7/9/2018,9,7,3,2018
7/10/2018,10,7,3,2018
7/11/2018,11,7,3,2018
7/12/2018,12,7,3,2018
7/13/2018,13,7,3,2018
7/14/2018,14,7,3,2018
7/15/2018,15,7,3,2018
7/17/2018,17,7,3,2018
7/18/2018,18,7,3,2018
7/19/2018,19,7,3,2018
7/20/2018,20,7,3,2018
7/21/2018,21,7,3,2018
7/22/2018,22,7,3,2018
7/23/2018,23,7,3,2018
7/24/2018,24,7,3,2018
7/25/2018,25,7,3,2018
7/27/2018,27,7,3,2018
7/28/2018,28,7,3,2018
7/30/2018,30,7,3,2018
7/31/2018,31,7,3,2018
8/1/2018,1,8,3,2018
8/2/2018,2,8,3,2018
8/3/2018,3,8,3,2018
8/4/2018,4,8,3,2018
8/6/2018,6,8,3,2018
8/9/2018,9,8,3,2018
8/10/2018,10,8,3,2018
8/12/2018,12,8,3,2018
8/13/2018,13,8,3,2018
8/14/2018,14,8,3,2018
8/15/2018,15,8,3,2018
8/16/2018,16,8,3,2018
8/17/2018,17,8,3,2018
8/18/2018,18,8,3,2018
8/19/2018,19,8,3,2018
8/21/2018,21,8,3,2018
8/22/2018,22,8,3,2018
8/23/2018,23,8,3,2018
8/24/2018,24,8,3,2018
8/25/2018,25,8,3,2018
8/26/2018,26,8,3,2018
8/27/2018,27,8,3,2018
8/29/2018,29,8,3,2018
8/30/2018,30,8,3,2018
8/31/2018,31,8,3,2018
9/1/2018,1,9,3,2018
9/2/2018,2,9,3,2018
9/3/2018,3,9,3,2018
9/4/2018,4,9,3,2018
9/5/2018,5,9,3,2018
9/6/2018,6,9,3,2018
9/8/2018,8,9,3,2018
9/9/2018,9,9,3,2018
9/11/2018,11,9,3,2018
9/12/2018,12,9,3,2018
9/14/2018,14,9,3,2018
9/15/2018,15,9,3,2018
9/16/2018,16,9,3,2018
9/19/2018,19,9,3,2018
9/20/2018,20,9,3,2018
9/21/2018,21,9,3,2018
9/22/2018,22,9,3,2018
9/23/2018,23,9,3,2018
9/24/2018,24,9,3,2018
9/25/2018,25,9,3,2018
9/26/2018,26,9,3,2018
9/27/2018,27,9,3,2018
9/28/2018,28,9,3,2018
9/29/2018,29,9,3,2018
9/30/2018,30,9,3,2018
10/1/2018,1,10,4,2018
10/3/2018,3,10,4,2018
10/4/2018,4,10,4,2018
10/8/2018,8,10,4,2018
10/9/2018,9,10,4,2018
10/10/2018,10,10,4,2018
10/14/2018,14,10,4,2018
10/15/2018,15,10,4,2018
10/16/2018,16,10,4,2018
10/17/2018,17,10,4,2018
10/18/2018,18,10,4,2018
10/19/2018,19,10,4,2018
10/20/2018,20,10,4,2018
10/21/2018,21,10,4,2018
10/22/2018,22,10,4,2018
10/24/2018,24,10,4,2018
10/25/2018,25,10,4,2018
10/26/2018,26,10,4,2018
10/27/2018,27,10,4,2018
10/28/2018,28,10,4,2018
10/29/2018,29,10,4,2018
10/30/2018,30,10,4,2018
10/31/2018,31,10,4,2018
11/1/2018,1,11,4,2018
11/2/2018,2,11,4,2018
11/3/2018,3,11,4,2018
11/4/2018,4,11,4,2018
11/5/2018,5,11,4,2018
11/6/2018,6,11,4,2018
11/7/2018,7,11,4,2018
11/8/2018,8,11,4,2018
11/9/2018,9,11,4,2018
11/10/2018,10,11,4,2018
11/11/2018,11,11,4,2018
11/12/2018,12,11,4,2018
11/13/2018,13,11,4,2018
11/14/2018,14,11,4,2018
11/15/2018,15,11,4,2018
11/17/2018,17,11,4,2018
11/18/2018,18,11,4,2018
11/19/2018,19,11,4,2018
11/20/2018,20,11,4,2018
11/21/2018,21,11,4,2018
11/22/2018,22,11,4,2018
11/23/2018,23,11,4,2018
11/24/2018,24,11,4,2018
11/25/2018,25,11,4,2018
11/26/2018,26,11,4,2018
11/27/2018,27,11,4,2018
11/28/2018,28,11,4,2018
11/29/2018,29,11,4,2018
11/30/2018,30,11,4,2018
12/1/2018,1,12,4,2018
12/2/2018,2,12,4,2018
12/3/2018,3,12,4,2018
12/5/2018,5,12,4,2018
12/6/2018,6,12,4,2018
12/7/2018,7,12,4,2018
12/8/2018,8,12,4,2018
12/9/2018,9,12,4,2018
12/11/2018,11,12,4,2018
12/12/2018,12,12,4,2018
12/13/2018,13,12,4,2018
12/15/2018,15,12,4,2018
12/16/2018,16,12,4,2018
12/17/2018,17,12,4,2018
12/18/2018,18,12,4,2018
12/19/2018,19,12,4,2018
12/20/2018,20,12,4,2018
12/21/2018,21,12,4,2018
12/22/2018,22,12,4,2018
12/24/2018,24,12,4,2018
12/25/2018,25,12,4,2018
12/26/2018,26,12,4,2018
12/28/2018,28,12,4,2018
12/29/2018,29,12,4,2018
12/30/2018,30,12,4,2018
12/31/2018,31,12,4,2018
1/1/2019,1,1,1,2019
1/2/2019,2,1,1,2019
1/3/2019,3,1,1,2019
1/4/2019,4,1,1,2019
1/5/2019,5,1,1,2019
1/6/2019,6,1,1,2019
1/7/2019,7,1,1,2019
1/8/2019,8,1,1,2019
1/9/2019,9,1,1,2019
1/10/2019,10,1,1,2019
1/11/2019,11,1,1,2019
1/12/2019,12,1,1,2019
1/13/2019,13,1,1,2019
1/14/2019,14,1,1,2019
1/15/2019,15,1,1,2019
1/16/2019,16,1,1,2019
1/17/2019,17,1,1,2019
1/18/2019,18,1,1,2019
1/19/2019,19,1,1,2019
1/20/2019,20,1,1,2019
1/21/2019,21,1,1,2019
1/22/2019,22,1,1,2019
1/23/2019,23,1,1,2019
1/24/2019,24,1,1,2019
1/25/2019,25,1,1,2019
1/26/2019,26,1,1,2019
1/28/2019,28,1,1,2019
1/29/2019,29,1,1,2019
1/30/2019,30,1,1,2019
1/31/2019,31,1,1,2019
2/1/2019,1,2,1,2019
2/2/2019,2,2,1,2019
2/3/2019,3,2,1,2019
2/4/2019,4,2,1,2019
2/5/2019,5,2,1,2019
2/6/2019,6,2,1,2019
2/8/2019,8,2,1,2019
2/9/2019,9,2,1,2019
2/10/2019,10,2,1,2019
2/11/2019,11,2,1,2019
2/12/2019,12,2,1,2019
2/13/2019,13,2,1,2019
2/14/2019,14,2,1,2019
2/15/2019,15,2,1,2019
2/16/2019,16,2,1,2019
2/17/2019,17,2,1,2019
2/18/2019,18,2,1,2019
2/20/2019,20,2,1,2019
2/21/2019,21,2,1,2019
2/22/2019,22,2,1,2019
2/23/2019,23,2,1,2019
2/24/2019,24,2,1,2019
2/25/2019,25,2,1,2019
2/26/2019,26,2,1,2019
2/27/2019,27,2,1,2019
2/28/2019,28,2,1,2019
3/1/2019,1,3,1,2019
3/2/2019,2,3,1,2019
3/3/2019,3,3,1,2019
3/4/2019,4,3,1,2019
3/5/2019,5,3,1,2019
3/6/2019,6,3,1,2019
3/7/2019,7,3,1,2019
3/8/2019,8,3,1,2019
3/9/2019,9,3,1,2019
3/10/2019,10,3,1,2019
3/11/2019,11,3,1,2019
3/12/2019,12,3,1,2019
3/13/2019,13,3,1,2019
3/14/2019,14,3,1,2019
3/15/2019,15,3,1,2019
3/16/2019,16,3,1,2019
3/17/2019,17,3,1,2019
3/18/2019,18,3,1,2019
3/19/2019,19,3,1,2019
3/21/2019,21,3,1,2019
3/22/2019,22,3,1,2019
3/23/2019,23,3,1,2019
3/24/2019,24,3,1,2019
3/25/2019,25,3,1,2019
3/26/2019,26,3,1,2019
3/27/2019,27,3,1,2019
3/28/2019,28,3,1,2019
3/29/2019,29,3,1,2019
3/30/2019,30,3,1,2019
3/31/2019,31,3,1,2019
4/1/2019,1,4,2,2019
4/2/2019,2,4,2,2019
4/3/2019,3,4,2,2019
4/4/2019,4,4,2,2019
4/5/2019,5,4,2,2019
4/6/2019,6,4,2,2019
4/8/2019,8,4,2,2019
4/9/2019,9,4,2,2019
4/10/2019,10,4,2,2019
4/11/2019,11,4,2,2019
4/12/2019,12,4,2,2019
4/13/2019,13,4,2,2019
4/14/2019,14,4,2,2019
4/15/2019,15,4,2,2019
4/16/2019,16,4,2,2019
4/17/2019,17,4,2,2019
4/18/2019,18,4,2,2019
4/19/2019,19,4,2,2019
4/20/2019,20,4,2,2019
4/21/2019,21,4,2,2019
4/22/2019,22,4,2,2019
4/23/2019,23,4,2,2019
4/24/2019,24,4,2,2019
4/25/2019,25,4,2,2019
4/27/2019,27,4,2,2019
4/28/2019,28,4,2,2019
4/29/2019,29,4,2,2019
4/30/2019,30,4,2,2019
5/1/2019,1,5,2,2019
5/2/2019,2,5,2,2019
5/3/2019,3,5,2,2019
5/4/2019,4,5,2,2019
5/5/2019,5,5,2,2019
5/6/2019,6,5,2,2019
5/7/2019,7,5,2,2019
5/8/2019,8,5,2,2019
5/9/2019,9,5,2,2019
5/10/2019,10,5,2,2019
5/11/2019,11,5,2,2019
5/12/2019,12,5,2,2019
5/13/2019,13,5,2,2019
5/14/2019,14,5,2,2019
5/15/2019,15,5,2,2019
5/16/2019,16,5,2,2019
5/17/2019,17,5,2,2019
5/18/2019,18,5,2,2019
5/19/2019,19,5,2,2019
5/20/2019,20,5,2,2019
5/21/2019,21,5,2,2019
5/22/2019,22,5,2,2019
5/23/2019,23,5,2,2019
5/24/2019,24,5,2,2019
5/25/2019,25,5,2,2019
5/26/2019,26,5,2,2019
5/27/2019,27,5,2,2019
5/28/2019,28,5,2,2019
5/29/2019,29,5,2,2019
5/30/2019,30,5,2,2019
5/31/2019,31,5,2,2019
6/1/2019,1,6,2,2019
6/2/2019,2,6,2,2019
6/3/2019,3,6,2,2019
6/4/2019,4,6,2,2019
6/5/2019,5,6,2,2019
6/6/2019,6,6,2,2019
6/7/2019,7,6,2,2019
6/8/2019,8,6,2,2019
6/9/2019,9,6,2,2019
6/10/2019,10,6,2,2019
6/11/2019,11,6,2,2019
6/12/2019,12,6,2,2019
6/13/2019,13,6,2,2019
6/14/2019,14,6,2,2019
6/15/2019,15,6,2,2019
6/16/2019,16,6,2,2019
6/17/2019,17,6,2,2019
6/19/2019,19,6,2,2019
6/21/2019,21,6,2,2019
6/22/2019,22,6,2,2019
6/23/2019,23,6,2,2019
6/24/2019,24,6,2,2019
6/25/2019,25,6,2,2019
6/26/2019,26,6,2,2019
6/28/2019,28,6,2,2019
6/29/2019,29,6,2,2019
6/30/2019,30,6,2,2019
7/1/2019,1,7,3,2019
7/3/2019,3,7,3,2019
7/4/2019,4,7,3,2019
7/5/2019,5,7,3,2019
7/6/2019,6,7,3,2019
7/8/2019,8,7,3,2019
7/9/2019,9,7,3,2019
7/10/2019,10,7,3,2019
7/11/2019,11,7,3,2019
7/12/2019,12,7,3,2019
7/13/2019,13,7,3,2019
7/14/2019,14,7,3,2019
7/15/2019,15,7,3,2019
7/17/2019,17,7,3,2019
7/18/2019,18,7,3,2019
7/19/2019,19,7,3,2019
7/20/2019,20,7,3,2019
7/21/2019,21,7,3,2019
7/22/2019,22,7,3,2019
7/23/2019,23,7,3,2019
7/24/2019,24,7,3,2019
7/25/2019,25,7,3,2019
7/26/2019,26,7,3,2019
7/27/2019,27,7,3,2019
7/28/2019,28,7,3,2019
7/30/2019,30,7,3,2019
7/31/2019,31,7,3,2019
8/1/2019,1,8,3,2019
8/2/2019,2,8,3,2019
8/3/2019,3,8,3,2019
8/4/2019,4,8,3,2019
8/6/2019,6,8,3,2019
8/9/2019,9,8,3,2019
8/10/2019,10,8,3,2019
8/12/2019,12,8,3,2019
8/13/2019,13,8,3,2019
8/14/2019,14,8,3,2019
8/15/2019,15,8,3,2019
8/16/2019,16,8,3,2019
8/17/2019,17,8,3,2019
8/18/2019,18,8,3,2019
8/19/2019,19,8,3,2019
8/20/2019,20,8,3,2019
8/21/2019,21,8,3,2019
8/22/2019,22,8,3,2019
8/23/2019,23,8,3,2019
8/24/2019,24,8,3,2019
8/25/2019,25,8,3,2019
8/26/2019,26,8,3,2019
8/27/2019,27,8,3,2019
8/29/2019,29,8,3,2019
8/30/2019,30,8,3,2019
8/31/2019,31,8,3,2019
9/1/2019,1,9,3,2019
9/2/2019,2,9,3,2019
9/3/2019,3,9,3,2019
9/4/2019,4,9,3,2019
9/5/2019,5,9,3,2019
9/6/2019,6,9,3,2019
9/8/2019,8,9,3,2019
9/9/2019,9,9,3,2019
9/11/2019,11,9,3,2019
9/12/2019,12,9,3,2019
9/13/2019,13,9,3,2019
9/14/2019,14,9,3,2019
9/15/2019,15,9,3,2019
9/16/2019,16,9,3,2019
9/19/2019,19,9,3,2019
9/20/2019,20,9,3,2019
9/21/2019,21,9,3,2019
9/22/2019,22,9,3,2019
9/23/2019,23,9,3,2019
9/24/2019,24,9,3,2019
9/25/2019,25,9,3,2019
9/26/2019,26,9,3,2019
9/27/2019,27,9,3,2019
9/28/2019,28,9,3,2019
9/29/2019,29,9,3,2019
9/30/2019,30,9,3,2019
10/1/2019,1,10,4,2019
10/2/2019,2,10,4,2019
10/3/2019,3,10,4,2019
10/4/2019,4,10,4,2019
10/8/2019,8,10,4,2019
10/9/2019,9,10,4,2019
10/10/2019,10,10,4,2019
10/14/2019,14,10,4,2019
10/15/2019,15,10,4,2019
10/16/2019,16,10,4,2019
10/17/2019,17,10,4,2019
10/18/2019,18,10,4,2019
10/19/2019,19,10,4,2019
10/20/2019,20,10,4,2019
10/21/2019,21,10,4,2019
10/22/2019,22,10,4,2019
10/24/2019,24,10,4,2019
10/25/2019,25,10,4,2019
10/26/2019,26,10,4,2019
10/27/2019,27,10,4,2019
10/28/2019,28,10,4,2019
10/29/2019,29,10,4,2019
10/30/2019,30,10,4,2019
10/31/2019,31,10,4,2019
11/1/2019,1,11,4,2019
11/2/2019,2,11,4,2019
11/3/2019,3,11,4,2019
11/4/2019,4,11,4,2019
11/5/2019,5,11,4,2019
11/6/2019,6,11,4,2019
11/7/2019,7,11,4,2019
11/8/2019,8,11,4,2019
11/9/2019,9,11,4,2019
11/10/2019,10,11,4,2019
11/11/2019,11,11,4,2019
11/12/2019,12,11,4,2019
11/13/2019,13,11,4,2019
11/14/2019,14,11,4,2019
11/15/2019,15,11,4,2019
11/17/2019,17,11,4,2019
11/18/2019,18,11,4,2019
11/19/2019,19,11,4,2019
11/20/2019,20,11,4,2019
11/21/2019,21,11,4,2019
11/22/2019,22,11,4,2019
11/23/2019,23,11,4,2019
11/24/2019,24,11,4,2019
11/25/2019,25,11,4,2019
11/26/2019,26,11,4,2019
11/27/2019,27,11,4,2019
11/28/2019,28,11,4,2019
11/29/2019,29,11,4,2019
11/30/2019,30,11,4,2019
12/1/2019,1,12,4,2019
12/2/2019,2,12,4,2019
12/3/2019,3,12,4,2019
12/5/2019,5,12,4,2019
12/7/2019,7,12,4,2019
12/8/2019,8,12,4,2019
12/9/2019,9,12,4,2019
12/11/2019,11,12,4,2019
12/12/2019,12,12,4,2019
12/13/2019,13,12,4,2019
12/15/2019,15,12,4,2019
12/16/2019,16,12,4,2019
12/17/2019,17,12,4,2019
12/18/2019,18,12,4,2019
12/19/2019,19,12,4,2019
12/20/2019,20,12,4,2019
12/21/2019,21,12,4,2019
12/22/2019,22,12,4,2019
12/23/2019,23,12,4,2019
12/24/2019,24,12,4,2019
12/25/2019,25,12,4,2019
12/26/2019,26,12,4,2019
12/28/2019,28,12,4,2019
12/29/2019,29,12,4,2019
12/30/2019,30,12,4,2019
12/31/2019,31,12,4,2019
1/1/2020,1,1,1,2020
1/2/2020,2,1,1,2020
1/3/2020,3,1,1,2020
1/4/2020,4,1,1,2020
1/5/2020,5,1,1,2020
1/6/2020,6,1,1,2020
1/7/2020,7,1,1,2020
1/8/2020,8,1,1,2020
1/9/2020,9,1,1,2020
1/10/2020,10,1,1,2020
1/11/2020,11,1,1,2020
1/12/2020,12,1,1,2020
1/13/2020,13,1,1,2020
1/14/2020,14,1,1,2020
1/15/2020,15,1,1,2020
1/16/2020,16,1,1,2020
1/17/2020,17,1,1,2020
1/18/2020,18,1,1,2020
1/19/2020,19,1,1,2020
1/20/2020,20,1,1,2020
1/21/2020,21,1,1,2020
1/22/2020,22,1,1,2020
1/23/2020,23,1,1,2020
1/24/2020,24,1,1,2020
1/25/2020,25,1,1,2020
1/26/2020,26,1,1,2020
1/28/2020,28,1,1,2020
1/29/2020,29,1,1,2020
1/30/2020,30,1,1,2020
1/31/2020,31,1,1,2020
2/1/2020,1,2,1,2020
2/2/2020,2,2,1,2020
2/3/2020,3,2,1,2020
2/4/2020,4,2,1,2020
2/5/2020,5,2,1,2020
2/6/2020,6,2,1,2020
2/8/2020,8,2,1,2020
2/9/2020,9,2,1,2020
2/10/2020,10,2,1,2020
2/11/2020,11,2,1,2020
2/12/2020,12,2,1,2020
2/13/2020,13,2,1,2020
2/14/2020,14,2,1,2020
2/15/2020,15,2,1,2020
2/16/2020,16,2,1,2020
2/17/2020,17,2,1,2020
2/18/2020,18,2,1,2020
2/20/2020,20,2,1,2020
2/21/2020,21,2,1,2020
2/22/2020,22,2,1,2020
2/23/2020,23,2,1,2020
2/25/2020,25,2,1,2020
2/26/2020,26,2,1,2020
2/27/2020,27,2,1,2020
2/28/2020,28,2,1,2020
2/29/2020,29,2,1,2020
3/1/2020,1,3,1,2020
3/2/2020,2,3,1,2020
3/3/2020,3,3,1,2020
3/4/2020,4,3,1,2020
3/5/2020,5,3,1,2020
3/6/2020,6,3,1,2020
3/7/2020,7,3,1,2020
3/8/2020,8,3,1,2020
3/9/2020,9,3,1,2020
3/10/2020,10,3,1,2020
3/11/2020,11,3,1,2020
3/12/2020,12,3,1,2020
3/13/2020,13,3,1,2020
3/14/2020,14,3,1,2020
3/15/2020,15,3,1,2020
3/16/2020,16,3,1,2020
3/17/2020,17,3,1,2020
3/18/2020,18,3,1,2020
3/20/2020,20,3,1,2020
3/21/2020,21,3,1,2020
3/22/2020,22,3,1,2020
3/23/2020,23,3,1,2020
3/24/2020,24,3,1,2020
3/25/2020,25,3,1,2020
3/26/2020,26,3,1,2020
3/27/2020,27,3,1,2020
3/28/2020,28,3,1,2020
3/29/2020,29,3,1,2020
3/30/2020,30,3,1,2020
3/31/2020,31,3,1,2020
4/1/2020,1,4,2,2020
4/2/2020,2,4,2,2020
4/3/2020,3,4,2,2020
4/4/2020,4,4,2,2020
4/5/2020,5,4,2,2020
4/7/2020,7,4,2,2020
4/8/2020,8,4,2,2020
4/9/2020,9,4,2,2020
4/10/2020,10,4,2,2020
4/11/2020,11,4,2,2020
4/12/2020,12,4,2,2020
4/13/2020,13,4,2,2020
4/14/2020,14,4,2,2020
4/15/2020,15,4,2,2020
4/16/2020,16,4,2,2020
4/17/2020,17,4,2,2020
4/18/2020,18,4,2,2020
4/19/2020,19,4,2,2020
4/20/2020,20,4,2,2020
4/21/2020,21,4,2,2020
4/22/2020,22,4,2,2020
4/23/2020,23,4,2,2020
4/24/2020,24,4,2,2020
4/26/2020,26,4,2,2020
4/27/2020,27,4,2,2020
4/28/2020,28,4,2,2020
4/29/2020,29,4,2,2020
4/30/2020,30,4,2,2020
5/1/2020,1,5,2,2020
5/2/2020,2,5,2,2020
5/3/2020,3,5,2,2020
5/4/2020,4,5,2,2020
5/5/2020,5,5,2,2020
5/6/2020,6,5,2,2020
5/7/2020,7,5,2,2020
5/8/2020,8,5,2,2020
5/9/2020,9,5,2,2020
5/10/2020,10,5,2,2020
5/11/2020,11,5,2,2020
5/12/2020,12,5,2,2020
5/13/2020,13,5,2,2020
5/14/2020,14,5,2,2020
5/15/2020,15,5,2,2020
5/16/2020,16,5,2,2020
5/17/2020,17,5,2,2020
5/18/2020,18,5,2,2020
5/19/2020,19,5,2,2020
5/20/2020,20,5,2,2020
5/21/2020,21,5,2,2020
5/22/2020,22,5,2,2020
5/23/2020,23,5,2,2020
5/24/2020,24,5,2,2020
5/25/2020,25,5,2,2020
5/26/2020,26,5,2,2020
5/27/2020,27,5,2,2020
5/28/2020,28,5,2,2020
5/29/2020,29,5,2,2020
5/30/2020,30,5,2,2020
5/31/2020,31,5,2,2020
6/1/2020,1,6,2,2020
6/2/2020,2,6,2,2020
6/3/2020,3,6,2,2020
6/4/2020,4,6,2,2020
6/5/2020,5,6,2,2020
6/6/2020,6,6,2,2020
6/7/2020,7,6,2,2020
6/8/2020,8,6,2,2020
6/9/2020,9,6,2,2020
6/10/2020,10,6,2,2020
6/11/2020,11,6,2,2020
6/12/2020,12,6,2,2020
6/13/2020,13,6,2,2020
6/14/2020,14,6,2,2020
6/15/2020,15,6,2,2020
6/16/2020,16,6,2,2020
6/17/2020,17,6,2,2020
6/18/2020,18,6,2,2020
6/20/2020,20,6,2,2020
6/21/2020,21,6,2,2020
6/22/2020,22,6,2,2020
6/23/2020,23,6,2,2020
6/24/2020,24,6,2,2020
6/25/2020,25,6,2,2020
6/26/2020,26,6,2,2020
6/27/2020,27,6,2,2020
6/28/2020,28,6,2,2020
6/29/2020,29,6,2,2020
6/30/2020,30,6,2,2020
7/1/2020,1,7,3,2020
7/2/2020,2,7,3,2020
7/3/2020,3,7,3,2020
7/4/2020,4,7,3,2020
7/5/2020,5,7,3,2020
7/7/2020,7,7,3,2020
7/8/2020,8,7,3,2020
7/9/2020,9,7,3,2020
7/10/2020,10,7,3,2020
7/11/2020,11,7,3,2020
7/12/2020,12,7,3,2020
7/13/2020,13,7,3,2020
7/14/2020,14,7,3,2020
7/16/2020,16,7,3,2020
7/17/2020,17,7,3,2020
7/18/2020,18,7,3,2020
7/19/2020,19,7,3,2020
7/20/2020,20,7,3,2020
7/21/2020,21,7,3,2020
7/22/2020,22,7,3,2020
7/23/2020,23,7,3,2020
7/24/2020,24,7,3,2020
7/25/2020,25,7,3,2020
7/26/2020,26,7,3,2020
7/27/2020,27,7,3,2020
7/29/2020,29,7,3,2020
7/30/2020,30,7,3,2020
7/31/2020,31,7,3,2020
8/1/2020,1,8,3,2020
8/2/2020,2,8,3,2020
8/3/2020,3,8,3,2020
8/5/2020,5,8,3,2020
8/6/2020,6,8,3,2020
8/8/2020,8,8,3,2020
8/9/2020,9,8,3,2020
8/10/2020,10,8,3,2020
8/11/2020,11,8,3,2020
8/12/2020,12,8,3,2020
8/13/2020,13,8,3,2020
8/14/2020,14,8,3,2020
8/15/2020,15,8,3,2020
8/16/2020,16,8,3,2020
8/17/2020,17,8,3,2020
8/18/2020,18,8,3,2020
8/19/2020,19,8,3,2020
8/20/2020,20,8,3,2020
8/21/2020,21,8,3,2020
8/22/2020,22,8,3,2020
8/23/2020,23,8,3,2020
8/24/2020,24,8,3,2020
8/25/2020,25,8,3,2020
8/26/2020,26,8,3,2020
8/27/2020,27,8,3,2020
8/28/2020,28,8,3,2020
8/29/2020,29,8,3,2020
8/30/2020,30,8,3,2020
8/31/2020,31,8,3,2020
9/1/2020,1,9,3,2020
9/2/2020,2,9,3,2020
9/3/2020,3,9,3,2020
9/4/2020,4,9,3,2020
9/5/2020,5,9,3,2020
9/7/2020,7,9,3,2020
9/8/2020,8,9,3,2020
9/10/2020,10,9,3,2020
9/11/2020,11,9,3,2020
9/12/2020,12,9,3,2020
9/13/2020,13,9,3,2020
9/14/2020,14,9,3,2020
9/15/2020,15,9,3,2020
9/17/2020,17,9,3,2020
9/18/2020,18,9,3,2020
9/19/2020,19,9,3,2020
9/20/2020,20,9,3,2020
9/21/2020,21,9,3,2020
9/22/2020,22,9,3,2020
9/23/2020,23,9,3,2020
9/24/2020,24,9,3,2020
9/25/2020,25,9,3,2020
9/26/2020,26,9,3,2020
9/27/2020,27,9,3,2020
9/28/2020,28,9,3,2020
9/29/2020,29,9,3,2020
9/30/2020,30,9,3,2020
10/2/2020,2,10,4,2020
10/3/2020,3,10,4,2020
10/6/2020,6,10,4,2020
10/7/2020,7,10,4,2020
10/8/2020,8,10,4,2020
10/9/2020,9,10,4,2020
10/13/2020,13,10,4,2020
10/14/2020,14,10,4,2020
10/15/2020,15,10,4,2020
10/16/2020,16,10,4,2020
10/17/2020,17,10,4,2020
10/18/2020,18,10,4,2020
10/19/2020,19,10,4,2020
10/20/2020,20,10,4,2020
10/21/2020,21,10,4,2020
10/22/2020,22,10,4,2020
10/23/2020,23,10,4,2020
10/24/2020,24,10,4,2020
10/25/2020,25,10,4,2020
10/26/2020,26,10,4,2020
10/27/2020,27,10,4,2020
10/28/2020,28,10,4,2020
10/29/2020,29,10,4,2020
10/30/2020,30,10,4,2020
10/31/2020,31,10,4,2020
11/1/2020,1,11,4,2020
11/2/2020,2,11,4,2020
11/3/2020,3,11,4,2020
11/4/2020,4,11,4,2020
11/5/2020,5,11,4,2020
11/6/2020,6,11,4,2020
11/7/2020,7,11,4,2020
11/8/2020,8,11,4,2020
11/9/2020,9,11,4,2020
11/10/2020,10,11,4,2020
11/11/2020,11,11,4,2020
11/12/2020,12,11,4,2020
11/13/2020,13,11,4,2020
11/14/2020,14,11,4,2020
11/16/2020,16,11,4,2020
11/17/2020,17,11,4,2020
11/18/2020,18,11,4,2020
11/19/2020,19,11,4,2020
11/20/2020,20,11,4,2020
11/21/2020,21,11,4,2020
11/22/2020,22,11,4,2020
11/23/2020,23,11,4,2020
11/24/2020,24,11,4,2020
11/25/2020,25,11,4,2020
11/26/2020,26,11,4,2020
11/27/2020,27,11,4,2020
11/28/2020,28,11,4,2020
11/29/2020,29,11,4,2020
11/30/2020,30,11,4,2020
12/1/2020,1,12,4,2020
12/2/2020,2,12,4,2020
12/4/2020,4,12,4,2020
12/6/2020,6,12,4,2020
12/7/2020,7,12,4,2020
12/8/2020,8,12,4,2020
12/10/2020,10,12,4,2020
12/11/2020,11,12,4,2020
12/12/2020,12,12,4,2020
12/14/2020,14,12,4,2020
12/15/2020,15,12,4,2020
12/16/2020,16,12,4,2020
12/17/2020,17,12,4,2020
12/18/2020,18,12,4,2020
12/19/2020,19,12,4,2020
12/20/2020,20,12,4,2020
12/21/2020,21,12,4,2020
12/22/2020,22,12,4,2020
12/23/2020,23,12,4,2020
12/24/2020,24,12,4,2020
12/25/2020,25,12,4,2020
12/26/2020,26,12,4,2020
12/27/2020,27,12,4,2020
12/28/2020,28,12,4,2020
12/29/2020,29,12,4,2020
12/30/2020,30,12,4,2020
12/31/2020,31,12,4,2020
1/1/2021,1,1,1,2021
1/2/2021,2,1,1,2021
1/3/2021,3,1,1,2021
1/4/2021,4,1,1,2021
1/5/2021,5,1,1,2021
1/6/2021,6,1,1,2021
1/7/2021,7,1,1,2021
1/8/2021,8,1,1,2021
1/9/2021,9,1,1,2021
1/10/2021,10,1,1,2021
1/11/2021,11,1,1,2021
1/12/2021,12,1,1,2021
1/13/2021,13,1,1,2021
1/14/2021,14,1,1,2021
1/15/2021,15,1,1,2021
1/16/2021,16,1,1,2021
1/17/2021,17,1,1,2021
1/18/2021,18,1,1,2021
1/19/2021,19,1,1,2021
1/20/2021,20,1,1,2021
1/21/2021,21,1,1,2021
1/22/2021,22,1,1,2021
1/23/2021,23,1,1,2021
1/24/2021,24,1,1,2021
1/25/2021,25,1,1,2021
1/27/2021,27,1,1,2021
1/28/2021,28,1,1,2021
1/29/2021,29,1,1,2021
1/30/2021,30,1,1,2021
1/31/2021,31,1,1,2021
2/1/2021,1,2,1,2021
2/2/2021,2,2,1,2021
2/3/2021,3,2,1,2021
2/4/2021,4,2,1,2021
2/5/2021,5,2,1,2021
2/6/2021,6,2,1,2021
2/7/2021,7,2,1,2021
2/8/2021,8,2,1,2021
2/9/2021,9,2,1,2021
2/10/2021,10,2,1,2021
2/11/2021,11,2,1,2021
2/12/2021,12,2,1,2021
2/13/2021,13,2,1,2021
2/14/2021,14,2,1,2021
2/15/2021,15,2,1,2021
2/16/2021,16,2,1,2021
2/17/2021,17,2,1,2021
2/19/2021,19,2,1,2021
2/20/2021,20,2,1,2021
2/21/2021,21,2,1,2021
2/22/2021,22,2,1,2021
2/23/2021,23,2,1,2021
2/24/2021,24,2,1,2021
2/25/2021,25,2,1,2021
2/26/2021,26,2,1,2021
2/27/2021,27,2,1,2021
2/28/2021,28,2,1,2021
3/1/2021,1,3,1,2021
3/2/2021,2,3,1,2021
3/3/2021,3,3,1,2021
3/4/2021,4,3,1,2021
3/5/2021,5,3,1,2021
3/6/2021,6,3,1,2021
3/7/2021,7,3,1,2021
3/8/2021,8,3,1,2021
3/9/2021,9,3,1,2021
3/10/2021,10,3,1,2021
3/12/2021,12,3,1,2021
3/13/2021,13,3,1,2021
3/14/2021,14,3,1,2021
3/15/2021,15,3,1,2021
3/16/2021,16,3,1,2021
3/17/2021,17,3,1,2021
3/18/2021,18,3,1,2021
3/19/2021,19,3,1,2021
3/20/2021,20,3,1,2021
3/21/2021,21,3,1,2021
3/22/2021,22,3,1,2021
3/23/2021,23,3,1,2021
3/24/2021,24,3,1,2021
3/25/2021,25,3,1,2021
3/26/2021,26,3,1,2021
3/27/2021,27,3,1,2021
3/28/2021,28,3,1,2021
3/29/2021,29,3,1,2021
3/30/2021,30,3,1,2021
3/31/2021,31,3,1,2021
4/1/2021,1,4,2,2021
4/2/2021,2,4,2,2021
4/3/2021,3,4,2,2021
4/4/2021,4,4,2,2021
4/5/2021,5,4,2,2021
4/7/2021,7,4,2,2021
4/8/2021,8,4,2,2021
4/9/2021,9,4,2,2021
4/10/2021,10,4,2,2021
4/11/2021,11,4,2,2021
4/12/2021,12,4,2,2021
4/13/2021,13,4,2,2021
4/14/2021,14,4,2,2021
4/15/2021,15,4,2,2021
4/16/2021,16,4,2,2021
4/17/2021,17,4,2,2021
4/18/2021,18,4,2,2021
4/19/2021,19,4,2,2021
4/20/2021,20,4,2,2021
4/21/2021,21,4,2,2021
4/22/2021,22,4,2,2021
4/23/2021,23,4,2,2021
4/24/2021,24,4,2,2021
4/25/2021,25,4,2,2021
4/26/2021,26,4,2,2021
4/27/2021,27,4,2,2021
4/28/2021,28,4,2,2021
4/29/2021,29,4,2,2021
4/30/2021,30,4,2,2021
5/1/2021,1,5,2,2021
5/2/2021,2,5,2,2021
5/3/2021,3,5,2,2021
5/4/2021,4,5,2,2021
5/5/2021,5,5,2,2021
5/6/2021,6,5,2,2021
5/7/2021,7,5,2,2021
5/8/2021,8,5,2,2021
5/9/2021,9,5,2,2021
5/10/2021,10,5,2,2021
5/11/2021,11,5,2,2021
5/12/2021,12,5,2,2021
5/13/2021,13,5,2,2021
5/14/2021,14,5,2,2021
5/15/2021,15,5,2,2021
5/16/2021,16,5,2,2021
5/17/2021,17,5,2,2021
5/18/2021,18,5,2,2021
5/19/2021,19,5,2,2021
5/20/2021,20,5,2,2021
5/21/2021,21,5,2,2021
5/22/2021,22,5,2,2021
5/23/2021,23,5,2,2021
5/24/2021,24,5,2,2021
5/25/2021,25,5,2,2021
5/26/2021,26,5,2,2021
5/27/2021,27,5,2,2021
5/28/2021,28,5,2,2021
5/29/2021,29,5,2,2021
5/30/2021,30,5,2,2021
5/31/2021,31,5,2,2021
6/1/2021,1,6,2,2021
6/2/2021,2,6,2,2021
6/3/2021,3,6,2,2021
6/4/2021,4,6,2,2021
6/5/2021,5,6,2,2021
6/6/2021,6,6,2,2021
6/7/2021,7,6,2,2021
6/8/2021,8,6,2,2021
6/9/2021,9,6,2,2021
6/10/2021,10,6,2,2021
6/11/2021,11,6,2,2021
6/12/2021,12,6,2,2021
6/13/2021,13,6,2,2021
6/14/2021,14,6,2,2021
6/15/2021,15,6,2,2021
6/16/2021,16,6,2,2021
6/17/2021,17,6,2,2021
6/18/2021,18,6,2,2021
6/20/2021,20,6,2,2021
6/21/2021,21,6,2,2021
6/22/2021,22,6,2,2021
6/23/2021,23,6,2,2021
6/24/2021,24,6,2,2021
6/25/2021,25,6,2,2021
6/26/2021,26,6,2,2021
6/27/2021,27,6,2,2021
6/28/2021,28,6,2,2021
6/29/2021,29,6,2,2021
6/30/2021,30,6,2,2021
7/1/2021,1,7,3,2021
7/2/2021,2,7,3,2021
7/3/2021,3,7,3,2021
7/4/2021,4,7,3,2021
7/5/2021,5,7,3,2021
7/7/2021,7,7,3,2021
7/8/2021,8,7,3,2021
7/9/2021,9,7,3,2021
7/10/2021,10,7,3,2021
7/11/2021,11,7,3,2021
7/12/2021,12,7,3,2021
7/13/2021,13,7,3,2021
7/14/2021,14,7,3,2021
7/16/2021,16,7,3,2021
7/17/2021,17,7,3,2021
7/18/2021,18,7,3,2021
7/19/2021,19,7,3,2021
7/20/2021,20,7,3,2021
7/21/2021,21,7,3,2021
7/22/2021,22,7,3,2021
7/23/2021,23,7,3,2021
7/24/2021,24,7,3,2021
7/25/2021,25,7,3,2021
7/26/2021,26,7,3,2021
7/27/2021,27,7,3,2021
7/29/2021,29,7,3,2021
7/30/2021,30,7,3,2021
7/31/2021,31,7,3,2021
8/1/2021,1,8,3,2021
8/2/2021,2,8,3,2021
8/3/2021,3,8,3,2021
8/5/2021,5,8,3,2021
8/6/2021,6,8,3,2021
8/7/2021,7,8,3,2021
8/8/2021,8,8,3,2021
8/9/2021,9,8,3,2021
8/10/2021,10,8,3,2021
8/11/2021,11,8,3,2021
8/12/2021,12,8,3,2021
8/13/2021,13,8,3,2021
8/14/2021,14,8,3,2021
8/15/2021,15,8,3,2021
8/16/2021,16,8,3,2021
8/17/2021,17,8,3,2021
8/18/2021,18,8,3,2021
8/19/2021,19,8,3,2021
8/20/2021,20,8,3,2021
8/21/2021,21,8,3,2021
8/22/2021,22,8,3,2021
8/23/2021,23,8,3,2021
8/24/2021,24,8,3,2021
8/25/2021,25,8,3,2021
8/26/2021,26,8,3,2021
8/27/2021,27,8,3,2021
8/28/2021,28,8,3,2021
8/29/2021,29,8,3,2021
8/30/2021,30,8,3,2021
8/31/2021,31,8,3,2021
9/1/2021,1,9,3,2021
9/2/2021,2,9,3,2021
9/3/2021,3,9,3,2021
9/4/2021,4,9,3,2021
9/5/2021,5,9,3,2021
9/7/2021,7,9,3,2021
9/8/2021,8,9,3,2021
9/10/2021,10,9,3,2021
9/11/2021,11,9,3,2021
9/12/2021,12,9,3,2021
9/13/2021,13,9,3,2021
9/14/2021,14,9,3,2021
9/15/2021,15,9,3,2021
9/17/2021,17,9,3,2021
9/18/2021,18,9,3,2021
9/19/2021,19,9,3,2021
9/20/2021,20,9,3,2021
9/21/2021,21,9,3,2021
9/22/2021,22,9,3,2021
9/23/2021,23,9,3,2021
9/24/2021,24,9,3,2021
9/25/2021,25,9,3,2021
9/26/2021,26,9,3,2021
9/27/2021,27,9,3,2021
9/28/2021,28,9,3,2021
9/29/2021,29,9,3,2021
9/30/2021,30,9,3,2021
10/2/2021,2,10,4,2021
10/3/2021,3,10,4,2021
10/4/2021,4,10,4,2021
10/6/2021,6,10,4,2021
10/7/2021,7,10,4,2021
10/8/2021,8,10,4,2021
10/9/2021,9,10,4,2021
10/11/2021,11,10,4,2021
10/12/2021,12,10,4,2021
10/13/2021,13,10,4,2021
10/14/2021,14,10,4,2021
10/15/2021,15,10,4,2021
10/16/2021,16,10,4,2021
10/17/2021,17,10,4,2021
10/18/2021,18,10,4,2021
10/19/2021,19,10,4,2021
10/20/2021,20,10,4,2021
10/21/2021,21,10,4,2021
10/23/2021,23,10,4,2021
10/24/2021,24,10,4,2021
10/25/2021,25,10,4,2021
10/26/2021,26,10,4,2021
10/27/2021,27,10,4,2021
10/28/2021,28,10,4,2021
10/29/2021,29,10,4,2021
10/30/2021,30,10,4,2021
10/31/2021,31,10,4,2021
11/1/2021,1,11,4,2021
11/2/2021,2,11,4,2021
11/3/2021,3,11,4,2021
11/4/2021,4,11,4,2021
11/5/2021,5,11,4,2021
11/6/2021,6,11,4,2021
11/7/2021,7,11,4,2021
11/8/2021,8,11,4,2021
11/9/2021,9,11,4,2021
11/10/2021,10,11,4,2021
11/11/2021,11,11,4,2021
11/12/2021,12,11,4,2021
11/13/2021,13,11,4,2021
11/14/2021,14,11,4,2021
11/15/2021,15,11,4,2021
11/16/2021,16,11,4,2021
11/17/2021,17,11,4,2021
11/18/2021,18,11,4,2021
11/19/2021,19,11,4,2021
11/20/2021,20,11,4,2021
11/21/2021,21,11,4,2021
11/22/2021,22,11,4,2021
11/23/2021,23,11,4,2021
11/24/2021,24,11,4,2021
11/25/2021,25,11,4,2021
11/26/2021,26,11,4,2021
11/27/2021,27,11,4,2021
11/28/2021,28,11,4,2021
11/29/2021,29,11,4,2021
11/30/2021,30,11,4,2021
12/1/2021,1,12,4,2021
12/2/2021,2,12,4,2021
12/4/2021,4,12,4,2021
12/6/2021,6,12,4,2021
12/7/2021,7,12,4,2021
12/8/2021,8,12,4,2021
12/10/2021,10,12,4,2021
12/11/2021,11,12,4,2021
12/12/2021,12,12,4,2021
12/13/2021,13,12,4,2021
12/14/2021,14,12,4,2021
12/15/2021,15,12,4,2021
12/16/2021,16,12,4,2021
12/17/2021,17,12,4,2021
12/18/2021,18,12,4,2021
12/19/2021,19,12,4,2021
12/20/2021,20,12,4,2021
12/21/2021,21,12,4,2021
12/22/2021,22,12,4,2021
12/23/2021,23,12,4,2021
12/24/2021,24,12,4,2021
12/25/2021,25,12,4,2021
12/26/2021,26,12,4,2021
12/27/2021,27,12,4,2021
12/28/2021,28,12,4,2021
12/29/2021,29,12,4,2021
12/30/2021,30,12,4,2021
12/31/2021,31,12,4,2021
1/1/2022,1,1,1,2022
1/2/2022,2,1,1,2022
1/3/2022,3,1,1,2022
1/4/2022,4,1,1,2022
1/5/2022,5,1,1,2022
1/6/2022,6,1,1,2022
1/7/2022,7,1,1,2022
1/8/2022,8,1,1,2022
1/9/2022,9,1,1,2022
1/10/2022,10,1,1,2022
1/11/2022,11,1,1,2022
1/12/2022,12,1,1,2022
1/13/2022,13,1,1,2022
1/14/2022,14,1,1,2022
1/15/2022,15,1,1,2022
1/16/2022,16,1,1,2022
1/17/2022,17,1,1,2022
1/18/2022,18,1,1,2022
1/19/2022,19,1,1,2022
1/20/2022,20,1,1,2022
1/21/2022,21,1,1,2022
1/22/2022,22,1,1,2022
1/23/2022,23,1,1,2022
1/24/2022,24,1,1,2022
1/25/2022,25,1,1,2022
1/26/2022,26,1,1,2022
1/27/2022,27,1,1,2022
1/28/2022,28,1,1,2022
1/29/2022,29,1,1,2022
1/30/2022,30,1,1,2022
1/31/2022,31,1,1,2022
2/1/2022,1,2,1,2022
2/2/2022,2,2,1,2022
2/3/2022,3,2,1,2022
2/4/2022,4,2,1,2022
2/5/2022,5,2,1,2022
2/6/2022,6,2,1,2022
2/7/2022,7,2,1,2022
2/8/2022,8,2,1,2022
2/9/2022,9,2,1,2022
2/10/2022,10,2,1,2022
2/11/2022,11,2,1,2022
2/12/2022,12,2,1,2022
2/13/2022,13,2,1,2022
2/14/2022,14,2,1,2022
2/15/2022,15,2,1,2022
2/16/2022,16,2,1,2022
2/18/2022,18,2,1,2022
2/19/2022,19,2,1,2022
2/20/2022,20,2,1,2022
2/21/2022,21,2,1,2022
2/22/2022,22,2,1,2022
2/23/2022,23,2,1,2022
2/24/2022,24,2,1,2022
2/25/2022,25,2,1,2022
2/26/2022,26,2,1,2022
2/27/2022,27,2,1,2022
2/28/2022,28,2,1,2022
3/1/2022,1,3,1,2022
3/2/2022,2,3,1,2022
3/3/2022,3,3,1,2022
3/4/2022,4,3,1,2022
3/5/2022,5,3,1,2022
3/6/2022,6,3,1,2022
3/7/2022,7,3,1,2022
3/8/2022,8,3,1,2022
3/9/2022,9,3,1,2022
3/10/2022,10,3,1,2022
3/11/2022,11,3,1,2022
3/12/2022,12,3,1,2022
3/13/2022,13,3,1,2022
3/14/2022,14,3,1,2022
3/15/2022,15,3,1,2022
3/16/2022,16,3,1,2022
3/17/2022,17,3,1,2022
3/18/2022,18,3,1,2022
3/19/2022,19,3,1,2022
3/20/2022,20,3,1,2022
3/21/2022,21,3,1,2022
3/22/2022,22,3,1,2022
3/23/2022,23,3,1,2022
3/24/2022,24,3,1,2022
3/25/2022,25,3,1,2022
3/26/2022,26,3,1,2022
3/27/2022,27,3,1,2022
3/28/2022,28,3,1,2022
3/29/2022,29,3,1,2022
3/30/2022,30,3,1,2022
3/31/2022,31,3,1,2022
4/1/2022,1,4,2,2022
4/2/2022,2,4,2,2022
4/3/2022,3,4,2,2022
4/4/2022,4,4,2,2022
4/5/2022,5,4,2,2022
4/7/2022,7,4,2,2022
4/8/2022,8,4,2,2022
4/9/2022,9,4,2,2022
4/10/2022,10,4,2,2022
4/11/2022,11,4,2,2022
4/12/2022,12,4,2,2022
4/13/2022,13,4,2,2022
4/14/2022,14,4,2,2022
4/15/2022,15,4,2,2022
4/16/2022,16,4,2,2022
4/17/2022,17,4,2,2022
4/18/2022,18,4,2,2022
4/19/2022,19,4,2,2022
4/20/2022,20,4,2,2022
4/21/2022,21,4,2,2022
4/22/2022,22,4,2,2022
4/23/2022,23,4,2,2022
4/24/2022,24,4,2,2022
4/25/2022,25,4,2,2022
4/26/2022,26,4,2,2022
4/27/2022,27,4,2,2022
4/28/2022,28,4,2,2022
4/29/2022,29,4,2,2022
4/30/2022,30,4,2,2022
5/1/2022,1,5,2,2022
5/2/2022,2,5,2,2022
5/3/2022,3,5,2,2022
5/4/2022,4,5,2,2022
5/5/2022,5,5,2,2022
5/6/2022,6,5,2,2022
5/7/2022,7,5,2,2022
5/8/2022,8,5,2,2022
5/9/2022,9,5,2,2022
5/10/2022,10,5,2,2022
5/11/2022,11,5,2,2022
5/12/2022,12,5,2,2022
5/13/2022,13,5,2,2022
5/14/2022,14,5,2,2022
5/15/2022,15,5,2,2022
5/16/2022,16,5,2,2022
5/17/2022,17,5,2,2022
5/18/2022,18,5,2,2022
5/19/2022,19,5,2,2022
5/20/2022,20,5,2,2022
5/21/2022,21,5,2,2022
5/22/2022,22,5,2,2022
5/23/2022,23,5,2,2022
5/24/2022,24,5,2,2022
5/25/2022,25,5,2,2022
5/26/2022,26,5,2,2022
5/27/2022,27,5,2,2022
5/28/2022,28,5,2,2022
5/29/2022,29,5,2,2022
5/30/2022,30,5,2,2022
5/31/2022,31,5,2,2022
6/1/2022,1,6,2,2022
6/2/2022,2,6,2,2022
6/3/2022,3,6,2,2022
6/4/2022,4,6,2,2022
6/5/2022,5,6,2,2022
6/6/2022,6,6,2,2022
6/7/2022,7,6,2,2022
6/8/2022,8,6,2,2022
6/9/2022,9,6,2,2022
6/10/2022,10,6,2,2022
6/11/2022,11,6,2,2022
6/12/2022,12,6,2,2022
6/13/2022,13,6,2,2022
6/14/2022,14,6,2,2022
6/15/2022,15,6,2,2022
6/16/2022,16,6,2,2022
6/17/2022,17,6,2,2022
6/18/2022,18,6,2,2022
6/20/2022,20,6,2,2022
6/21/2022,21,6,2,2022
6/22/2022,22,6,2,2022
6/23/2022,23,6,2,2022
6/24/2022,24,6,2,2022
6/25/2022,25,6,2,2022
6/26/2022,26,6,2,2022
6/27/2022,27,6,2,2022
6/28/2022,28,6,2,2022
6/29/2022,29,6,2,2022
6/30/2022,30,6,2,2022
7/1/2022,1,7,3,2022
7/2/2022,2,7,3,2022
7/3/2022,3,7,3,2022
7/4/2022,4,7,3,2022
7/5/2022,5,7,3,2022
7/6/2022,6,7,3,2022
7/7/2022,7,7,3,2022
7/8/2022,8,7,3,2022
7/9/2022,9,7,3,2022
7/10/2022,10,7,3,2022
7/11/2022,11,7,3,2022
7/12/2022,12,7,3,2022
7/13/2022,13,7,3,2022
7/14/2022,14,7,3,2022
7/16/2022,16,7,3,2022
7/17/2022,17,7,3,2022
7/18/2022,18,7,3,2022
7/19/2022,19,7,3,2022
7/20/2022,20,7,3,2022
7/21/2022,21,7,3,2022
7/22/2022,22,7,3,2022
7/23/2022,23,7,3,2022
7/24/2022,24,7,3,2022
7/25/2022,25,7,3,2022
7/26/2022,26,7,3,2022
7/27/2022,27,7,3,2022
7/29/2022,29,7,3,2022
7/30/2022,30,7,3,2022
7/31/2022,31,7,3,2022
8/2/2022,2,8,3,2022
8/3/2022,3,8,3,2022
8/4/2022,4,8,3,2022
8/5/2022,5,8,3,2022
8/6/2022,6,8,3,2022
8/7/2022,7,8,3,2022
8/8/2022,8,8,3,2022
8/9/2022,9,8,3,2022
8/10/2022,10,8,3,2022
8/11/2022,11,8,3,2022
8/12/2022,12,8,3,2022
8/13/2022,13,8,3,2022
8/14/2022,14,8,3,2022
8/15/2022,15,8,3,2022
8/16/2022,16,8,3,2022
8/17/2022,17,8,3,2022
8/18/2022,18,8,3,2022
8/19/2022,19,8,3,2022
8/20/2022,20,8,3,2022
8/21/2022,21,8,3,2022
8/22/2022,22,8,3,2022
8/23/2022,23,8,3,2022
8/24/2022,24,8,3,2022
8/25/2022,25,8,3,2022
8/26/2022,26,8,3,2022
8/27/2022,27,8,3,2022
8/28/2022,28,8,3,2022
8/29/2022,29,8,3,2022
8/30/2022,30,8,3,2022
8/31/2022,31,8,3,2022
9/1/2022,1,9,3,2022
9/2/2022,2,9,3,2022
9/3/2022,3,9,3,2022
9/4/2022,4,9,3,2022
9/5/2022,5,9,3,2022
9/7/2022,7,9,3,2022
9/8/2022,8,9,3,2022
9/10/2022,10,9,3,2022
9/11/2022,11,9,3,2022
9/12/2022,12,9,3,2022
9/13/2022,13,9,3,2022
9/14/2022,14,9,3,2022
9/15/2022,15,9,3,2022
9/17/2022,17,9,3,2022
9/18/2022,18,9,3,2022
9/19/2022,19,9,3,2022
9/20/2022,20,9,3,2022
9/21/2022,21,9,3,2022
9/22/2022,22,9,3,2022
9/23/2022,23,9,3,2022
9/24/2022,24,9,3,2022
9/25/2022,25,9,3,2022
9/26/2022,26,9,3,2022
9/27/2022,27,9,3,2022
9/28/2022,28,9,3,2022
9/29/2022,29,9,3,2022
9/30/2022,30,9,3,2022
10/1/2022,1,10,4,2022
10/3/2022,3,10,4,2022
10/4/2022,4,10,4,2022
10/5/2022,5,10,4,2022
10/6/2022,6,10,4,2022
10/7/2022,7,10,4,2022
10/8/2022,8,10,4,2022
10/9/2022,9,10,4,2022
10/11/2022,11,10,4,2022
10/12/2022,12,10,4,2022
10/13/2022,13,10,4,2022
10/14/2022,14,10,4,2022
10/15/2022,15,10,4,2022
10/16/2022,16,10,4,2022
10/17/2022,17,10,4,2022
10/18/2022,18,10,4,2022
10/19/2022,19,10,4,2022
10/20/2022,20,10,4,2022
10/21/2022,21,10,4,2022
10/22/2022,22,10,4,2022
10/23/2022,23,10,4,2022
10/24/2022,24,10,4,2022
10/25/2022,25,10,4,2022
10/26/2022,26,10,4,2022
10/27/2022,27,10,4,2022
10/28/2022,28,10,4,2022
10/29/2022,29,10,4,2022
10/30/2022,30,10,4,2022
10/31/2022,31,10,4,2022
11/1/2022,1,11,4,2022
11/2/2022,2,11,4,2022
11/3/2022,3,11,4,2022
11/4/2022,4,11,4,2022
11/5/2022,5,11,4,2022
11/6/2022,6,11,4,2022
11/7/2022,7,11,4,2022
11/8/2022,8,11,4,2022
11/9/2022,9,11,4,2022
11/10/2022,10,11,4,2022
11/11/2022,11,11,4,2022
11/12/2022,12,11,4,2022
11/13/2022,13,11,4,2022
11/14/2022,14,11,4,2022
11/15/2022,15,11,4,2022
11/16/2022,16,11,4,2022
11/17/2022,17,11,4,2022
11/18/2022,18,11,4,2022
11/19/2022,19,11,4,2022
11/20/2022,20,11,4,2022
11/21/2022,21,11,4,2022
11/22/2022,22,11,4,2022
11/23/2022,23,11,4,2022
11/24/2022,24,11,4,2022
11/25/2022,25,11,4,2022
11/26/2022,26,11,4,2022
11/27/2022,27,11,4,2022
11/28/2022,28,11,4,2022
11/29/2022,29,11,4,2022
11/30/2022,30,11,4,2022
12/1/2022,1,12,4,2022
12/2/2022,2,12,4,2022
12/4/2022,4,12,4,2022
12/6/2022,6,12,4,2022
12/7/2022,7,12,4,2022
12/8/2022,8,12,4,2022
12/9/2022,9,12,4,2022
12/10/2022,10,12,4,2022
12/11/2022,11,12,4,2022
12/12/2022,12,12,4,2022
12/13/2022,13,12,4,2022
12/14/2022,14,12,4,2022
12/15/2022,15,12,4,2022
12/16/2022,16,12,4,2022
12/17/2022,17,12,4,2022
12/18/2022,18,12,4,2022
12/19/2022,19,12,4,2022
12/20/2022,20,12,4,2022
12/21/2022,21,12,4,2022
12/22/2022,22,12,4,2022
12/23/2022,23,12,4,2022
12/24/2022,24,12,4,2022
12/25/2022,25,12,4,2022
12/26/2022,26,12,4,2022
12/27/2022,27,12,4,2022
12/28/2022,28,12,4,2022
12/29/2022,29,12,4,2022
12/31/2022,31,12,4,2022
